chunk_index,chunks_total,start_utc,end_utc,estado,request_url,output_file,status,bytes,lines,message
1,209,2021-01-01T00:00:00+00:00,2021-01-08T00:00:00+00:00,Bang,https://www.ogimet.com/display_synopsc2.php?lang=en&estado=Bang&tipo=SI&ord=REV&nil=NO&fmt=txt&ano=2021&mes=01&day=01&hora=0&anof=2021&mesf=01&dayf=08&horaf=0&send=send,data\raw\ground_ogimet\ogimet_synop_Bang_2021010100_2021010800_UTC.txt,failed,,,OGIMET request failed after 4 attempts.
2,209,2021-01-08T00:00:00+00:00,2021-01-15T00:00:00+00:00,Bang,https://www.ogimet.com/display_synopsc2.php?lang=en&estado=Bang&tipo=SI&ord=REV&nil=NO&fmt=txt&ano=2021&mes=01&day=08&hora=0&anof=2021&mesf=01&dayf=15&horaf=0&send=send,data\raw\ground_ogimet\ogimet_synop_Bang_2021010800_2021011500_UTC.txt,failed,,,OGIMET request failed after 4 attempts.
3,209,2021-01-15T00:00:00+00:00,2021-01-22T00:00:00+00:00,Bang,https://www.ogimet.com/display_synopsc2.php?lang=en&estado=Bang&tipo=SI&ord=REV&nil=NO&fmt=txt&ano=2021&mes=01&day=15&hora=0&anof=2021&mesf=01&dayf=22&horaf=0&send=send,data\raw\ground_ogimet\ogimet_synop_Bang_2021011500_2021012200_UTC.txt,failed,,,OGIMET request failed after 4 attempts.
4,209,2021-01-22T00:00:00+00:00,2021-01-29T00:00:00+00:00,Bang,https://www.ogimet.com/display_synopsc2.php?lang=en&estado=Bang&tipo=SI&ord=REV&nil=NO&fmt=txt&ano=2021&mes=01&day=22&hora=0&anof=2021&mesf=01&dayf=29&horaf=0&send=send,data\raw\ground_ogimet\ogimet_synop_Bang_2021012200_2021012900_UTC.txt,failed,,,OGIMET request failed after 4 attempts.
5,209,2021-01-29T00:00:00+00:00,2021-02-05T00:00:00+00:00,Bang,https://www.ogimet.com/display_synopsc2.php?lang=en&estado=Bang&tipo=SI&ord=REV&nil=NO&fmt=txt&ano=2021&mes=01&day=29&hora=0&anof=2021&mesf=02&dayf=05&horaf=0&send=send,data\raw\ground_ogimet\ogimet_synop_Bang_2021012900_2021020500_UTC.txt,failed,,,OGIMET request failed after 4 attempts.
6,209,2021-02-05T00:00:00+00:00,2021-02-12T00:00:00+00:00,Bang,https://www.ogimet.com/display_synopsc2.php?lang=en&estado=Bang&tipo=SI&ord=REV&nil=NO&fmt=txt&ano=2021&mes=02&day=05&hora=0&anof=2021&mesf=02&dayf=12&horaf=0&send=send,data\raw\ground_ogimet\ogimet_synop_Bang_2021020500_2021021200_UTC.txt,failed,,,OGIMET request failed after 4 attempts.
7,209,2021-02-12T00:00:00+00:00,2021-02-19T00:00:00+00:00,Bang,https://www.ogimet.com/display_synopsc2.php?lang=en&estado=Bang&tipo=SI&ord=REV&nil=NO&fmt=txt&ano=2021&mes=02&day=12&hora=0&anof=2021&mesf=02&dayf=19&horaf=0&send=send,data\raw\ground_ogimet\ogimet_synop_Bang_2021021200_2021021900_UTC.txt,failed,,,OGIMET request failed after 4 attempts.
8,209,2021-02-19T00:00:00+00:00,2021-02-26T00:00:00+00:00,Bang,https://www.ogimet.com/display_synopsc2.php?lang=en&estado=Bang&tipo=SI&ord=REV&nil=NO&fmt=txt&ano=2021&mes=02&day=19&hora=0&anof=2021&mesf=02&dayf=26&horaf=0&send=send,data\raw\ground_ogimet\ogimet_synop_Bang_2021021900_2021022600_UTC.txt,failed,,,OGIMET request failed after 4 attempts.
9,209,2021-02-26T00:00:00+00:00,2021-03-05T00:00:00+00:00,Bang,https://www.ogimet.com/display_synopsc2.php?lang=en&estado=Bang&tipo=SI&ord=REV&nil=NO&fmt=txt&ano=2021&mes=02&day=26&hora=0&anof=2021&mesf=03&dayf=05&horaf=0&send=send,data\raw\ground_ogimet\ogimet_synop_Bang_2021022600_2021030500_UTC.txt,failed,,,OGIMET request failed after 4 attempts.
10,209,2021-03-05T00:00:00+00:00,2021-03-12T00:00:00+00:00,Bang,https://www.ogimet.com/display_synopsc2.php?lang=en&estado=Bang&tipo=SI&ord=REV&nil=NO&fmt=txt&ano=2021&mes=03&day=05&hora=0&anof=2021&mesf=03&dayf=12&horaf=0&send=send,data\raw\ground_ogimet\ogimet_synop_Bang_2021030500_2021031200_UTC.txt,failed,,,OGIMET request failed after 4 attempts.
11,209,2021-03-12T00:00:00+00:00,2021-03-19T00:00:00+00:00,Bang,https://www.ogimet.com/display_synopsc2.php?lang=en&estado=Bang&tipo=SI&ord=REV&nil=NO&fmt=txt&ano=2021&mes=03&day=12&hora=0&anof=2021&mesf=03&dayf=19&horaf=0&send=send,data\raw\ground_ogimet\ogimet_synop_Bang_2021031200_2021031900_UTC.txt,failed,,,OGIMET request failed after 4 attempts.
12,209,2021-03-19T00:00:00+00:00,2021-03-26T00:00:00+00:00,Bang,https://www.ogimet.com/display_synopsc2.php?lang=en&estado=Bang&tipo=SI&ord=REV&nil=NO&fmt=txt&ano=2021&mes=03&day=19&hora=0&anof=2021&mesf=03&dayf=26&horaf=0&send=send,data\raw\ground_ogimet\ogimet_synop_Bang_2021031900_2021032600_UTC.txt,failed,,,OGIMET request failed after 4 attempts.
13,209,2021-03-26T00:00:00+00:00,2021-04-02T00:00:00+00:00,Bang,https://www.ogimet.com/display_synopsc2.php?lang=en&estado=Bang&tipo=SI&ord=REV&nil=NO&fmt=txt&ano=2021&mes=03&day=26&hora=0&anof=2021&mesf=04&dayf=02&horaf=0&send=send,data\raw\ground_ogimet\ogimet_synop_Bang_2021032600_2021040200_UTC.txt,failed,,,OGIMET request failed after 4 attempts.
14,209,2021-04-02T00:00:00+00:00,2021-04-09T00:00:00+00:00,Bang,https://www.ogimet.com/display_synopsc2.php?lang=en&estado=Bang&tipo=SI&ord=REV&nil=NO&fmt=txt&ano=2021&mes=04&day=02&hora=0&anof=2021&mesf=04&dayf=09&horaf=0&send=send,data\raw\ground_ogimet\ogimet_synop_Bang_2021040200_2021040900_UTC.txt,failed,,,OGIMET request failed after 4 attempts.
15,209,2021-04-09T00:00:00+00:00,2021-04-16T00:00:00+00:00,Bang,https://www.ogimet.com/display_synopsc2.php?lang=en&estado=Bang&tipo=SI&ord=REV&nil=NO&fmt=txt&ano=2021&mes=04&day=09&hora=0&anof=2021&mesf=04&dayf=16&horaf=0&send=send,data\raw\ground_ogimet\ogimet_synop_Bang_2021040900_2021041600_UTC.txt,failed,,,OGIMET request failed after 4 attempts.
16,209,2021-04-16T00:00:00+00:00,2021-04-23T00:00:00+00:00,Bang,https://www.ogimet.com/display_synopsc2.php?lang=en&estado=Bang&tipo=SI&ord=REV&nil=NO&fmt=txt&ano=2021&mes=04&day=16&hora=0&anof=2021&mesf=04&dayf=23&horaf=0&send=send,data\raw\ground_ogimet\ogimet_synop_Bang_2021041600_2021042300_UTC.txt,failed,,,OGIMET request failed after 4 attempts.
17,209,2021-04-23T00:00:00+00:00,2021-04-30T00:00:00+00:00,Bang,https://www.ogimet.com/display_synopsc2.php?lang=en&estado=Bang&tipo=SI&ord=REV&nil=NO&fmt=txt&ano=2021&mes=04&day=23&hora=0&anof=2021&mesf=04&dayf=30&horaf=0&send=send,data\raw\ground_ogimet\ogimet_synop_Bang_2021042300_2021043000_UTC.txt,failed,,,OGIMET request failed after 4 attempts.
18,209,2021-04-30T00:00:00+00:00,2021-05-07T00:00:00+00:00,Bang,https://www.ogimet.com/display_synopsc2.php?lang=en&estado=Bang&tipo=SI&ord=REV&nil=NO&fmt=txt&ano=2021&mes=04&day=30&hora=0&anof=2021&mesf=05&dayf=07&horaf=0&send=send,data\raw\ground_ogimet\ogimet_synop_Bang_2021043000_2021050700_UTC.txt,failed,,,OGIMET request failed after 4 attempts.
19,209,2021-05-07T00:00:00+00:00,2021-05-14T00:00:00+00:00,Bang,https://www.ogimet.com/display_synopsc2.php?lang=en&estado=Bang&tipo=SI&ord=REV&nil=NO&fmt=txt&ano=2021&mes=05&day=07&hora=0&anof=2021&mesf=05&dayf=14&horaf=0&send=send,data\raw\ground_ogimet\ogimet_synop_Bang_2021050700_2021051400_UTC.txt,failed,,,OGIMET request failed after 4 attempts.
20,209,2021-05-14T00:00:00+00:00,2021-05-21T00:00:00+00:00,Bang,https://www.ogimet.com/display_synopsc2.php?lang=en&estado=Bang&tipo=SI&ord=REV&nil=NO&fmt=txt&ano=2021&mes=05&day=14&hora=0&anof=2021&mesf=05&dayf=21&horaf=0&send=send,data\raw\ground_ogimet\ogimet_synop_Bang_2021051400_2021052100_UTC.txt,failed,,,OGIMET request failed after 4 attempts.
21,209,2021-05-21T00:00:00+00:00,2021-05-28T00:00:00+00:00,Bang,https://www.ogimet.com/display_synopsc2.php?lang=en&estado=Bang&tipo=SI&ord=REV&nil=NO&fmt=txt&ano=2021&mes=05&day=21&hora=0&anof=2021&mesf=05&dayf=28&horaf=0&send=send,data\raw\ground_ogimet\ogimet_synop_Bang_2021052100_2021052800_UTC.txt,failed,,,OGIMET request failed after 4 attempts.
22,209,2021-05-28T00:00:00+00:00,2021-06-04T00:00:00+00:00,Bang,https://www.ogimet.com/display_synopsc2.php?lang=en&estado=Bang&tipo=SI&ord=REV&nil=NO&fmt=txt&ano=2021&mes=05&day=28&hora=0&anof=2021&mesf=06&dayf=04&horaf=0&send=send,data\raw\ground_ogimet\ogimet_synop_Bang_2021052800_2021060400_UTC.txt,failed,,,OGIMET request failed after 4 attempts.
23,209,2021-06-04T00:00:00+00:00,2021-06-11T00:00:00+00:00,Bang,https://www.ogimet.com/display_synopsc2.php?lang=en&estado=Bang&tipo=SI&ord=REV&nil=NO&fmt=txt&ano=2021&mes=06&day=04&hora=0&anof=2021&mesf=06&dayf=11&horaf=0&send=send,data\raw\ground_ogimet\ogimet_synop_Bang_2021060400_2021061100_UTC.txt,failed,,,OGIMET request failed after 4 attempts.
24,209,2021-06-11T00:00:00+00:00,2021-06-18T00:00:00+00:00,Bang,https://www.ogimet.com/display_synopsc2.php?lang=en&estado=Bang&tipo=SI&ord=REV&nil=NO&fmt=txt&ano=2021&mes=06&day=11&hora=0&anof=2021&mesf=06&dayf=18&horaf=0&send=send,data\raw\ground_ogimet\ogimet_synop_Bang_2021061100_2021061800_UTC.txt,failed,,,OGIMET request failed after 4 attempts.
25,209,2021-06-18T00:00:00+00:00,2021-06-25T00:00:00+00:00,Bang,https://www.ogimet.com/display_synopsc2.php?lang=en&estado=Bang&tipo=SI&ord=REV&nil=NO&fmt=txt&ano=2021&mes=06&day=18&hora=0&anof=2021&mesf=06&dayf=25&horaf=0&send=send,data\raw\ground_ogimet\ogimet_synop_Bang_2021061800_2021062500_UTC.txt,failed,,,OGIMET request failed after 4 attempts.
26,209,2021-06-25T00:00:00+00:00,2021-07-02T00:00:00+00:00,Bang,https://www.ogimet.com/display_synopsc2.php?lang=en&estado=Bang&tipo=SI&ord=REV&nil=NO&fmt=txt&ano=2021&mes=06&day=25&hora=0&anof=2021&mesf=07&dayf=02&horaf=0&send=send,data\raw\ground_ogimet\ogimet_synop_Bang_2021062500_2021070200_UTC.txt,failed,,,OGIMET request failed after 4 attempts.
27,209,2021-07-02T00:00:00+00:00,2021-07-09T00:00:00+00:00,Bang,https://www.ogimet.com/display_synopsc2.php?lang=en&estado=Bang&tipo=SI&ord=REV&nil=NO&fmt=txt&ano=2021&mes=07&day=02&hora=0&anof=2021&mesf=07&dayf=09&horaf=0&send=send,data\raw\ground_ogimet\ogimet_synop_Bang_2021070200_2021070900_UTC.txt,failed,,,OGIMET request failed after 4 attempts.
28,209,2021-07-09T00:00:00+00:00,2021-07-16T00:00:00+00:00,Bang,https://www.ogimet.com/display_synopsc2.php?lang=en&estado=Bang&tipo=SI&ord=REV&nil=NO&fmt=txt&ano=2021&mes=07&day=09&hora=0&anof=2021&mesf=07&dayf=16&horaf=0&send=send,data\raw\ground_ogimet\ogimet_synop_Bang_2021070900_2021071600_UTC.txt,failed,,,OGIMET request failed after 4 attempts.
29,209,2021-07-16T00:00:00+00:00,2021-07-23T00:00:00+00:00,Bang,https://www.ogimet.com/display_synopsc2.php?lang=en&estado=Bang&tipo=SI&ord=REV&nil=NO&fmt=txt&ano=2021&mes=07&day=16&hora=0&anof=2021&mesf=07&dayf=23&horaf=0&send=send,data\raw\ground_ogimet\ogimet_synop_Bang_2021071600_2021072300_UTC.txt,failed,,,OGIMET request failed after 4 attempts.
30,209,2021-07-23T00:00:00+00:00,2021-07-30T00:00:00+00:00,Bang,https://www.ogimet.com/display_synopsc2.php?lang=en&estado=Bang&tipo=SI&ord=REV&nil=NO&fmt=txt&ano=2021&mes=07&day=23&hora=0&anof=2021&mesf=07&dayf=30&horaf=0&send=send,data\raw\ground_ogimet\ogimet_synop_Bang_2021072300_2021073000_UTC.txt,failed,,,OGIMET request failed after 4 attempts.
31,209,2021-07-30T00:00:00+00:00,2021-08-06T00:00:00+00:00,Bang,https://www.ogimet.com/display_synopsc2.php?lang=en&estado=Bang&tipo=SI&ord=REV&nil=NO&fmt=txt&ano=2021&mes=07&day=30&hora=0&anof=2021&mesf=08&dayf=06&horaf=0&send=send,data\raw\ground_ogimet\ogimet_synop_Bang_2021073000_2021080600_UTC.txt,failed,,,OGIMET request failed after 4 attempts.
32,209,2021-08-06T00:00:00+00:00,2021-08-13T00:00:00+00:00,Bang,https://www.ogimet.com/display_synopsc2.php?lang=en&estado=Bang&tipo=SI&ord=REV&nil=NO&fmt=txt&ano=2021&mes=08&day=06&hora=0&anof=2021&mesf=08&dayf=13&horaf=0&send=send,data\raw\ground_ogimet\ogimet_synop_Bang_2021080600_2021081300_UTC.txt,failed,,,OGIMET request failed after 4 attempts.
33,209,2021-08-13T00:00:00+00:00,2021-08-20T00:00:00+00:00,Bang,https://www.ogimet.com/display_synopsc2.php?lang=en&estado=Bang&tipo=SI&ord=REV&nil=NO&fmt=txt&ano=2021&mes=08&day=13&hora=0&anof=2021&mesf=08&dayf=20&horaf=0&send=send,data\raw\ground_ogimet\ogimet_synop_Bang_2021081300_2021082000_UTC.txt,failed,,,OGIMET request failed after 4 attempts.
34,209,2021-08-20T00:00:00+00:00,2021-08-27T00:00:00+00:00,Bang,https://www.ogimet.com/display_synopsc2.php?lang=en&estado=Bang&tipo=SI&ord=REV&nil=NO&fmt=txt&ano=2021&mes=08&day=20&hora=0&anof=2021&mesf=08&dayf=27&horaf=0&send=send,data\raw\ground_ogimet\ogimet_synop_Bang_2021082000_2021082700_UTC.txt,failed,,,OGIMET request failed after 4 attempts.
35,209,2021-08-27T00:00:00+00:00,2021-09-03T00:00:00+00:00,Bang,https://www.ogimet.com/display_synopsc2.php?lang=en&estado=Bang&tipo=SI&ord=REV&nil=NO&fmt=txt&ano=2021&mes=08&day=27&hora=0&anof=2021&mesf=09&dayf=03&horaf=0&send=send,data\raw\ground_ogimet\ogimet_synop_Bang_2021082700_2021090300_UTC.txt,failed,,,OGIMET request failed after 4 attempts.
36,209,2021-09-03T00:00:00+00:00,2021-09-10T00:00:00+00:00,Bang,https://www.ogimet.com/display_synopsc2.php?lang=en&estado=Bang&tipo=SI&ord=REV&nil=NO&fmt=txt&ano=2021&mes=09&day=03&hora=0&anof=2021&mesf=09&dayf=10&horaf=0&send=send,data\raw\ground_ogimet\ogimet_synop_Bang_2021090300_2021091000_UTC.txt,failed,,,OGIMET request failed after 4 attempts.
37,209,2021-09-10T00:00:00+00:00,2021-09-17T00:00:00+00:00,Bang,https://www.ogimet.com/display_synopsc2.php?lang=en&estado=Bang&tipo=SI&ord=REV&nil=NO&fmt=txt&ano=2021&mes=09&day=10&hora=0&anof=2021&mesf=09&dayf=17&horaf=0&send=send,data\raw\ground_ogimet\ogimet_synop_Bang_2021091000_2021091700_UTC.txt,failed,,,OGIMET request failed after 4 attempts.
38,209,2021-09-17T00:00:00+00:00,2021-09-24T00:00:00+00:00,Bang,https://www.ogimet.com/display_synopsc2.php?lang=en&estado=Bang&tipo=SI&ord=REV&nil=NO&fmt=txt&ano=2021&mes=09&day=17&hora=0&anof=2021&mesf=09&dayf=24&horaf=0&send=send,data\raw\ground_ogimet\ogimet_synop_Bang_2021091700_2021092400_UTC.txt,failed,,,OGIMET request failed after 4 attempts.
39,209,2021-09-24T00:00:00+00:00,2021-10-01T00:00:00+00:00,Bang,https://www.ogimet.com/display_synopsc2.php?lang=en&estado=Bang&tipo=SI&ord=REV&nil=NO&fmt=txt&ano=2021&mes=09&day=24&hora=0&anof=2021&mesf=10&dayf=01&horaf=0&send=send,data\raw\ground_ogimet\ogimet_synop_Bang_2021092400_2021100100_UTC.txt,failed,,,OGIMET request failed after 4 attempts.
40,209,2021-10-01T00:00:00+00:00,2021-10-08T00:00:00+00:00,Bang,https://www.ogimet.com/display_synopsc2.php?lang=en&estado=Bang&tipo=SI&ord=REV&nil=NO&fmt=txt&ano=2021&mes=10&day=01&hora=0&anof=2021&mesf=10&dayf=08&horaf=0&send=send,data\raw\ground_ogimet\ogimet_synop_Bang_2021100100_2021100800_UTC.txt,failed,,,OGIMET request failed after 4 attempts.
41,209,2021-10-08T00:00:00+00:00,2021-10-15T00:00:00+00:00,Bang,https://www.ogimet.com/display_synopsc2.php?lang=en&estado=Bang&tipo=SI&ord=REV&nil=NO&fmt=txt&ano=2021&mes=10&day=08&hora=0&anof=2021&mesf=10&dayf=15&horaf=0&send=send,data\raw\ground_ogimet\ogimet_synop_Bang_2021100800_2021101500_UTC.txt,failed,,,OGIMET request failed after 4 attempts.
42,209,2021-10-15T00:00:00+00:00,2021-10-22T00:00:00+00:00,Bang,https://www.ogimet.com/display_synopsc2.php?lang=en&estado=Bang&tipo=SI&ord=REV&nil=NO&fmt=txt&ano=2021&mes=10&day=15&hora=0&anof=2021&mesf=10&dayf=22&horaf=0&send=send,data\raw\ground_ogimet\ogimet_synop_Bang_2021101500_2021102200_UTC.txt,failed,,,OGIMET request failed after 4 attempts.
43,209,2021-10-22T00:00:00+00:00,2021-10-29T00:00:00+00:00,Bang,https://www.ogimet.com/display_synopsc2.php?lang=en&estado=Bang&tipo=SI&ord=REV&nil=NO&fmt=txt&ano=2021&mes=10&day=22&hora=0&anof=2021&mesf=10&dayf=29&horaf=0&send=send,data\raw\ground_ogimet\ogimet_synop_Bang_2021102200_2021102900_UTC.txt,failed,,,OGIMET request failed after 4 attempts.
44,209,2021-10-29T00:00:00+00:00,2021-11-05T00:00:00+00:00,Bang,https://www.ogimet.com/display_synopsc2.php?lang=en&estado=Bang&tipo=SI&ord=REV&nil=NO&fmt=txt&ano=2021&mes=10&day=29&hora=0&anof=2021&mesf=11&dayf=05&horaf=0&send=send,data\raw\ground_ogimet\ogimet_synop_Bang_2021102900_2021110500_UTC.txt,failed,,,OGIMET request failed after 4 attempts.
45,209,2021-11-05T00:00:00+00:00,2021-11-12T00:00:00+00:00,Bang,https://www.ogimet.com/display_synopsc2.php?lang=en&estado=Bang&tipo=SI&ord=REV&nil=NO&fmt=txt&ano=2021&mes=11&day=05&hora=0&anof=2021&mesf=11&dayf=12&horaf=0&send=send,data\raw\ground_ogimet\ogimet_synop_Bang_2021110500_2021111200_UTC.txt,failed,,,OGIMET request failed after 4 attempts.
46,209,2021-11-12T00:00:00+00:00,2021-11-19T00:00:00+00:00,Bang,https://www.ogimet.com/display_synopsc2.php?lang=en&estado=Bang&tipo=SI&ord=REV&nil=NO&fmt=txt&ano=2021&mes=11&day=12&hora=0&anof=2021&mesf=11&dayf=19&horaf=0&send=send,data\raw\ground_ogimet\ogimet_synop_Bang_2021111200_2021111900_UTC.txt,failed,,,OGIMET request failed after 4 attempts.
47,209,2021-11-19T00:00:00+00:00,2021-11-26T00:00:00+00:00,Bang,https://www.ogimet.com/display_synopsc2.php?lang=en&estado=Bang&tipo=SI&ord=REV&nil=NO&fmt=txt&ano=2021&mes=11&day=19&hora=0&anof=2021&mesf=11&dayf=26&horaf=0&send=send,data\raw\ground_ogimet\ogimet_synop_Bang_2021111900_2021112600_UTC.txt,failed,,,OGIMET request failed after 4 attempts.
48,209,2021-11-26T00:00:00+00:00,2021-12-03T00:00:00+00:00,Bang,https://www.ogimet.com/display_synopsc2.php?lang=en&estado=Bang&tipo=SI&ord=REV&nil=NO&fmt=txt&ano=2021&mes=11&day=26&hora=0&anof=2021&mesf=12&dayf=03&horaf=0&send=send,data\raw\ground_ogimet\ogimet_synop_Bang_2021112600_2021120300_UTC.txt,failed,,,OGIMET request failed after 4 attempts.
49,209,2021-12-03T00:00:00+00:00,2021-12-10T00:00:00+00:00,Bang,https://www.ogimet.com/display_synopsc2.php?lang=en&estado=Bang&tipo=SI&ord=REV&nil=NO&fmt=txt&ano=2021&mes=12&day=03&hora=0&anof=2021&mesf=12&dayf=10&horaf=0&send=send,data\raw\ground_ogimet\ogimet_synop_Bang_2021120300_2021121000_UTC.txt,failed,,,OGIMET request failed after 4 attempts.
50,209,2021-12-10T00:00:00+00:00,2021-12-17T00:00:00+00:00,Bang,https://www.ogimet.com/display_synopsc2.php?lang=en&estado=Bang&tipo=SI&ord=REV&nil=NO&fmt=txt&ano=2021&mes=12&day=10&hora=0&anof=2021&mesf=12&dayf=17&horaf=0&send=send,data\raw\ground_ogimet\ogimet_synop_Bang_2021121000_2021121700_UTC.txt,failed,,,OGIMET request failed after 4 attempts.
51,209,2021-12-17T00:00:00+00:00,2021-12-24T00:00:00+00:00,Bang,https://www.ogimet.com/display_synopsc2.php?lang=en&estado=Bang&tipo=SI&ord=REV&nil=NO&fmt=txt&ano=2021&mes=12&day=17&hora=0&anof=2021&mesf=12&dayf=24&horaf=0&send=send,data\raw\ground_ogimet\ogimet_synop_Bang_2021121700_2021122400_UTC.txt,failed,,,OGIMET request failed after 4 attempts.
52,209,2021-12-24T00:00:00+00:00,2021-12-31T00:00:00+00:00,Bang,https://www.ogimet.com/display_synopsc2.php?lang=en&estado=Bang&tipo=SI&ord=REV&nil=NO&fmt=txt&ano=2021&mes=12&day=24&hora=0&anof=2021&mesf=12&dayf=31&horaf=0&send=send,data\raw\ground_ogimet\ogimet_synop_Bang_2021122400_2021123100_UTC.txt,failed,,,OGIMET request failed after 4 attempts.
53,209,2021-12-31T00:00:00+00:00,2022-01-07T00:00:00+00:00,Bang,https://www.ogimet.com/display_synopsc2.php?lang=en&estado=Bang&tipo=SI&ord=REV&nil=NO&fmt=txt&ano=2021&mes=12&day=31&hora=0&anof=2022&mesf=01&dayf=07&horaf=0&send=send,data\raw\ground_ogimet\ogimet_synop_Bang_2021123100_2022010700_UTC.txt,failed,,,OGIMET request failed after 4 attempts.
54,209,2022-01-07T00:00:00+00:00,2022-01-14T00:00:00+00:00,Bang,https://www.ogimet.com/display_synopsc2.php?lang=en&estado=Bang&tipo=SI&ord=REV&nil=NO&fmt=txt&ano=2022&mes=01&day=07&hora=0&anof=2022&mesf=01&dayf=14&horaf=0&send=send,data\raw\ground_ogimet\ogimet_synop_Bang_2022010700_2022011400_UTC.txt,failed,,,OGIMET request failed after 4 attempts.
55,209,2022-01-14T00:00:00+00:00,2022-01-21T00:00:00+00:00,Bang,https://www.ogimet.com/display_synopsc2.php?lang=en&estado=Bang&tipo=SI&ord=REV&nil=NO&fmt=txt&ano=2022&mes=01&day=14&hora=0&anof=2022&mesf=01&dayf=21&horaf=0&send=send,data\raw\ground_ogimet\ogimet_synop_Bang_2022011400_2022012100_UTC.txt,failed,,,OGIMET request failed after 4 attempts.
56,209,2022-01-21T00:00:00+00:00,2022-01-28T00:00:00+00:00,Bang,https://www.ogimet.com/display_synopsc2.php?lang=en&estado=Bang&tipo=SI&ord=REV&nil=NO&fmt=txt&ano=2022&mes=01&day=21&hora=0&anof=2022&mesf=01&dayf=28&horaf=0&send=send,data\raw\ground_ogimet\ogimet_synop_Bang_2022012100_2022012800_UTC.txt,failed,,,OGIMET request failed after 4 attempts.
57,209,2022-01-28T00:00:00+00:00,2022-02-04T00:00:00+00:00,Bang,https://www.ogimet.com/display_synopsc2.php?lang=en&estado=Bang&tipo=SI&ord=REV&nil=NO&fmt=txt&ano=2022&mes=01&day=28&hora=0&anof=2022&mesf=02&dayf=04&horaf=0&send=send,data\raw\ground_ogimet\ogimet_synop_Bang_2022012800_2022020400_UTC.txt,failed,,,OGIMET request failed after 4 attempts.
58,209,2022-02-04T00:00:00+00:00,2022-02-11T00:00:00+00:00,Bang,https://www.ogimet.com/display_synopsc2.php?lang=en&estado=Bang&tipo=SI&ord=REV&nil=NO&fmt=txt&ano=2022&mes=02&day=04&hora=0&anof=2022&mesf=02&dayf=11&horaf=0&send=send,data\raw\ground_ogimet\ogimet_synop_Bang_2022020400_2022021100_UTC.txt,failed,,,OGIMET request failed after 4 attempts.
59,209,2022-02-11T00:00:00+00:00,2022-02-18T00:00:00+00:00,Bang,https://www.ogimet.com/display_synopsc2.php?lang=en&estado=Bang&tipo=SI&ord=REV&nil=NO&fmt=txt&ano=2022&mes=02&day=11&hora=0&anof=2022&mesf=02&dayf=18&horaf=0&send=send,data\raw\ground_ogimet\ogimet_synop_Bang_2022021100_2022021800_UTC.txt,failed,,,OGIMET request failed after 4 attempts.
60,209,2022-02-18T00:00:00+00:00,2022-02-25T00:00:00+00:00,Bang,https://www.ogimet.com/display_synopsc2.php?lang=en&estado=Bang&tipo=SI&ord=REV&nil=NO&fmt=txt&ano=2022&mes=02&day=18&hora=0&anof=2022&mesf=02&dayf=25&horaf=0&send=send,data\raw\ground_ogimet\ogimet_synop_Bang_2022021800_2022022500_UTC.txt,failed,,,OGIMET request failed after 4 attempts.
61,209,2022-02-25T00:00:00+00:00,2022-03-04T00:00:00+00:00,Bang,https://www.ogimet.com/display_synopsc2.php?lang=en&estado=Bang&tipo=SI&ord=REV&nil=NO&fmt=txt&ano=2022&mes=02&day=25&hora=0&anof=2022&mesf=03&dayf=04&horaf=0&send=send,data\raw\ground_ogimet\ogimet_synop_Bang_2022022500_2022030400_UTC.txt,failed,,,OGIMET request failed after 4 attempts.
62,209,2022-03-04T00:00:00+00:00,2022-03-11T00:00:00+00:00,Bang,https://www.ogimet.com/display_synopsc2.php?lang=en&estado=Bang&tipo=SI&ord=REV&nil=NO&fmt=txt&ano=2022&mes=03&day=04&hora=0&anof=2022&mesf=03&dayf=11&horaf=0&send=send,data\raw\ground_ogimet\ogimet_synop_Bang_2022030400_2022031100_UTC.txt,failed,,,OGIMET request failed after 4 attempts.
63,209,2022-03-11T00:00:00+00:00,2022-03-18T00:00:00+00:00,Bang,https://www.ogimet.com/display_synopsc2.php?lang=en&estado=Bang&tipo=SI&ord=REV&nil=NO&fmt=txt&ano=2022&mes=03&day=11&hora=0&anof=2022&mesf=03&dayf=18&horaf=0&send=send,data\raw\ground_ogimet\ogimet_synop_Bang_2022031100_2022031800_UTC.txt,failed,,,OGIMET request failed after 4 attempts.
64,209,2022-03-18T00:00:00+00:00,2022-03-25T00:00:00+00:00,Bang,https://www.ogimet.com/display_synopsc2.php?lang=en&estado=Bang&tipo=SI&ord=REV&nil=NO&fmt=txt&ano=2022&mes=03&day=18&hora=0&anof=2022&mesf=03&dayf=25&horaf=0&send=send,data\raw\ground_ogimet\ogimet_synop_Bang_2022031800_2022032500_UTC.txt,failed,,,OGIMET request failed after 4 attempts.
65,209,2022-03-25T00:00:00+00:00,2022-04-01T00:00:00+00:00,Bang,https://www.ogimet.com/display_synopsc2.php?lang=en&estado=Bang&tipo=SI&ord=REV&nil=NO&fmt=txt&ano=2022&mes=03&day=25&hora=0&anof=2022&mesf=04&dayf=01&horaf=0&send=send,data\raw\ground_ogimet\ogimet_synop_Bang_2022032500_2022040100_UTC.txt,failed,,,OGIMET request failed after 4 attempts.
66,209,2022-04-01T00:00:00+00:00,2022-04-08T00:00:00+00:00,Bang,https://www.ogimet.com/display_synopsc2.php?lang=en&estado=Bang&tipo=SI&ord=REV&nil=NO&fmt=txt&ano=2022&mes=04&day=01&hora=0&anof=2022&mesf=04&dayf=08&horaf=0&send=send,data\raw\ground_ogimet\ogimet_synop_Bang_2022040100_2022040800_UTC.txt,failed,,,OGIMET request failed after 4 attempts.
67,209,2022-04-08T00:00:00+00:00,2022-04-15T00:00:00+00:00,Bang,https://www.ogimet.com/display_synopsc2.php?lang=en&estado=Bang&tipo=SI&ord=REV&nil=NO&fmt=txt&ano=2022&mes=04&day=08&hora=0&anof=2022&mesf=04&dayf=15&horaf=0&send=send,data\raw\ground_ogimet\ogimet_synop_Bang_2022040800_2022041500_UTC.txt,failed,,,OGIMET request failed after 4 attempts.
68,209,2022-04-15T00:00:00+00:00,2022-04-22T00:00:00+00:00,Bang,https://www.ogimet.com/display_synopsc2.php?lang=en&estado=Bang&tipo=SI&ord=REV&nil=NO&fmt=txt&ano=2022&mes=04&day=15&hora=0&anof=2022&mesf=04&dayf=22&horaf=0&send=send,data\raw\ground_ogimet\ogimet_synop_Bang_2022041500_2022042200_UTC.txt,failed,,,OGIMET request failed after 4 attempts.
69,209,2022-04-22T00:00:00+00:00,2022-04-29T00:00:00+00:00,Bang,https://www.ogimet.com/display_synopsc2.php?lang=en&estado=Bang&tipo=SI&ord=REV&nil=NO&fmt=txt&ano=2022&mes=04&day=22&hora=0&anof=2022&mesf=04&dayf=29&horaf=0&send=send,data\raw\ground_ogimet\ogimet_synop_Bang_2022042200_2022042900_UTC.txt,failed,,,OGIMET request failed after 4 attempts.
70,209,2022-04-29T00:00:00+00:00,2022-05-06T00:00:00+00:00,Bang,https://www.ogimet.com/display_synopsc2.php?lang=en&estado=Bang&tipo=SI&ord=REV&nil=NO&fmt=txt&ano=2022&mes=04&day=29&hora=0&anof=2022&mesf=05&dayf=06&horaf=0&send=send,data\raw\ground_ogimet\ogimet_synop_Bang_2022042900_2022050600_UTC.txt,failed,,,OGIMET request failed after 4 attempts.
71,209,2022-05-06T00:00:00+00:00,2022-05-13T00:00:00+00:00,Bang,https://www.ogimet.com/display_synopsc2.php?lang=en&estado=Bang&tipo=SI&ord=REV&nil=NO&fmt=txt&ano=2022&mes=05&day=06&hora=0&anof=2022&mesf=05&dayf=13&horaf=0&send=send,data\raw\ground_ogimet\ogimet_synop_Bang_2022050600_2022051300_UTC.txt,failed,,,OGIMET request failed after 4 attempts.
72,209,2022-05-13T00:00:00+00:00,2022-05-20T00:00:00+00:00,Bang,https://www.ogimet.com/display_synopsc2.php?lang=en&estado=Bang&tipo=SI&ord=REV&nil=NO&fmt=txt&ano=2022&mes=05&day=13&hora=0&anof=2022&mesf=05&dayf=20&horaf=0&send=send,data\raw\ground_ogimet\ogimet_synop_Bang_2022051300_2022052000_UTC.txt,failed,,,OGIMET request failed after 4 attempts.
73,209,2022-05-20T00:00:00+00:00,2022-05-27T00:00:00+00:00,Bang,https://www.ogimet.com/display_synopsc2.php?lang=en&estado=Bang&tipo=SI&ord=REV&nil=NO&fmt=txt&ano=2022&mes=05&day=20&hora=0&anof=2022&mesf=05&dayf=27&horaf=0&send=send,data\raw\ground_ogimet\ogimet_synop_Bang_2022052000_2022052700_UTC.txt,failed,,,OGIMET request failed after 4 attempts.
74,209,2022-05-27T00:00:00+00:00,2022-06-03T00:00:00+00:00,Bang,https://www.ogimet.com/display_synopsc2.php?lang=en&estado=Bang&tipo=SI&ord=REV&nil=NO&fmt=txt&ano=2022&mes=05&day=27&hora=0&anof=2022&mesf=06&dayf=03&horaf=0&send=send,data\raw\ground_ogimet\ogimet_synop_Bang_2022052700_2022060300_UTC.txt,failed,,,OGIMET request failed after 4 attempts.
75,209,2022-06-03T00:00:00+00:00,2022-06-10T00:00:00+00:00,Bang,https://www.ogimet.com/display_synopsc2.php?lang=en&estado=Bang&tipo=SI&ord=REV&nil=NO&fmt=txt&ano=2022&mes=06&day=03&hora=0&anof=2022&mesf=06&dayf=10&horaf=0&send=send,data\raw\ground_ogimet\ogimet_synop_Bang_2022060300_2022061000_UTC.txt,failed,,,OGIMET request failed after 4 attempts.
76,209,2022-06-10T00:00:00+00:00,2022-06-17T00:00:00+00:00,Bang,https://www.ogimet.com/display_synopsc2.php?lang=en&estado=Bang&tipo=SI&ord=REV&nil=NO&fmt=txt&ano=2022&mes=06&day=10&hora=0&anof=2022&mesf=06&dayf=17&horaf=0&send=send,data\raw\ground_ogimet\ogimet_synop_Bang_2022061000_2022061700_UTC.txt,failed,,,OGIMET request failed after 4 attempts.
77,209,2022-06-17T00:00:00+00:00,2022-06-24T00:00:00+00:00,Bang,https://www.ogimet.com/display_synopsc2.php?lang=en&estado=Bang&tipo=SI&ord=REV&nil=NO&fmt=txt&ano=2022&mes=06&day=17&hora=0&anof=2022&mesf=06&dayf=24&horaf=0&send=send,data\raw\ground_ogimet\ogimet_synop_Bang_2022061700_2022062400_UTC.txt,failed,,,OGIMET request failed after 4 attempts.
78,209,2022-06-24T00:00:00+00:00,2022-07-01T00:00:00+00:00,Bang,https://www.ogimet.com/display_synopsc2.php?lang=en&estado=Bang&tipo=SI&ord=REV&nil=NO&fmt=txt&ano=2022&mes=06&day=24&hora=0&anof=2022&mesf=07&dayf=01&horaf=0&send=send,data\raw\ground_ogimet\ogimet_synop_Bang_2022062400_2022070100_UTC.txt,failed,,,OGIMET request failed after 4 attempts.
79,209,2022-07-01T00:00:00+00:00,2022-07-08T00:00:00+00:00,Bang,https://www.ogimet.com/display_synopsc2.php?lang=en&estado=Bang&tipo=SI&ord=REV&nil=NO&fmt=txt&ano=2022&mes=07&day=01&hora=0&anof=2022&mesf=07&dayf=08&horaf=0&send=send,data\raw\ground_ogimet\ogimet_synop_Bang_2022070100_2022070800_UTC.txt,failed,,,OGIMET request failed after 4 attempts.
80,209,2022-07-08T00:00:00+00:00,2022-07-15T00:00:00+00:00,Bang,https://www.ogimet.com/display_synopsc2.php?lang=en&estado=Bang&tipo=SI&ord=REV&nil=NO&fmt=txt&ano=2022&mes=07&day=08&hora=0&anof=2022&mesf=07&dayf=15&horaf=0&send=send,data\raw\ground_ogimet\ogimet_synop_Bang_2022070800_2022071500_UTC.txt,failed,,,OGIMET request failed after 4 attempts.
81,209,2022-07-15T00:00:00+00:00,2022-07-22T00:00:00+00:00,Bang,https://www.ogimet.com/display_synopsc2.php?lang=en&estado=Bang&tipo=SI&ord=REV&nil=NO&fmt=txt&ano=2022&mes=07&day=15&hora=0&anof=2022&mesf=07&dayf=22&horaf=0&send=send,data\raw\ground_ogimet\ogimet_synop_Bang_2022071500_2022072200_UTC.txt,failed,,,OGIMET request failed after 4 attempts.
82,209,2022-07-22T00:00:00+00:00,2022-07-29T00:00:00+00:00,Bang,https://www.ogimet.com/display_synopsc2.php?lang=en&estado=Bang&tipo=SI&ord=REV&nil=NO&fmt=txt&ano=2022&mes=07&day=22&hora=0&anof=2022&mesf=07&dayf=29&horaf=0&send=send,data\raw\ground_ogimet\ogimet_synop_Bang_2022072200_2022072900_UTC.txt,failed,,,OGIMET request failed after 4 attempts.
83,209,2022-07-29T00:00:00+00:00,2022-08-05T00:00:00+00:00,Bang,https://www.ogimet.com/display_synopsc2.php?lang=en&estado=Bang&tipo=SI&ord=REV&nil=NO&fmt=txt&ano=2022&mes=07&day=29&hora=0&anof=2022&mesf=08&dayf=05&horaf=0&send=send,data\raw\ground_ogimet\ogimet_synop_Bang_2022072900_2022080500_UTC.txt,failed,,,OGIMET request failed after 4 attempts.
84,209,2022-08-05T00:00:00+00:00,2022-08-12T00:00:00+00:00,Bang,https://www.ogimet.com/display_synopsc2.php?lang=en&estado=Bang&tipo=SI&ord=REV&nil=NO&fmt=txt&ano=2022&mes=08&day=05&hora=0&anof=2022&mesf=08&dayf=12&horaf=0&send=send,data\raw\ground_ogimet\ogimet_synop_Bang_2022080500_2022081200_UTC.txt,failed,,,OGIMET request failed after 4 attempts.
85,209,2022-08-12T00:00:00+00:00,2022-08-19T00:00:00+00:00,Bang,https://www.ogimet.com/display_synopsc2.php?lang=en&estado=Bang&tipo=SI&ord=REV&nil=NO&fmt=txt&ano=2022&mes=08&day=12&hora=0&anof=2022&mesf=08&dayf=19&horaf=0&send=send,data\raw\ground_ogimet\ogimet_synop_Bang_2022081200_2022081900_UTC.txt,failed,,,OGIMET request failed after 4 attempts.
86,209,2022-08-19T00:00:00+00:00,2022-08-26T00:00:00+00:00,Bang,https://www.ogimet.com/display_synopsc2.php?lang=en&estado=Bang&tipo=SI&ord=REV&nil=NO&fmt=txt&ano=2022&mes=08&day=19&hora=0&anof=2022&mesf=08&dayf=26&horaf=0&send=send,data\raw\ground_ogimet\ogimet_synop_Bang_2022081900_2022082600_UTC.txt,failed,,,OGIMET request failed after 4 attempts.
87,209,2022-08-26T00:00:00+00:00,2022-09-02T00:00:00+00:00,Bang,https://www.ogimet.com/display_synopsc2.php?lang=en&estado=Bang&tipo=SI&ord=REV&nil=NO&fmt=txt&ano=2022&mes=08&day=26&hora=0&anof=2022&mesf=09&dayf=02&horaf=0&send=send,data\raw\ground_ogimet\ogimet_synop_Bang_2022082600_2022090200_UTC.txt,failed,,,OGIMET request failed after 4 attempts.
88,209,2022-09-02T00:00:00+00:00,2022-09-09T00:00:00+00:00,Bang,https://www.ogimet.com/display_synopsc2.php?lang=en&estado=Bang&tipo=SI&ord=REV&nil=NO&fmt=txt&ano=2022&mes=09&day=02&hora=0&anof=2022&mesf=09&dayf=09&horaf=0&send=send,data\raw\ground_ogimet\ogimet_synop_Bang_2022090200_2022090900_UTC.txt,failed,,,OGIMET request failed after 4 attempts.
89,209,2022-09-09T00:00:00+00:00,2022-09-16T00:00:00+00:00,Bang,https://www.ogimet.com/display_synopsc2.php?lang=en&estado=Bang&tipo=SI&ord=REV&nil=NO&fmt=txt&ano=2022&mes=09&day=09&hora=0&anof=2022&mesf=09&dayf=16&horaf=0&send=send,data\raw\ground_ogimet\ogimet_synop_Bang_2022090900_2022091600_UTC.txt,failed,,,OGIMET request failed after 4 attempts.
90,209,2022-09-16T00:00:00+00:00,2022-09-23T00:00:00+00:00,Bang,https://www.ogimet.com/display_synopsc2.php?lang=en&estado=Bang&tipo=SI&ord=REV&nil=NO&fmt=txt&ano=2022&mes=09&day=16&hora=0&anof=2022&mesf=09&dayf=23&horaf=0&send=send,data\raw\ground_ogimet\ogimet_synop_Bang_2022091600_2022092300_UTC.txt,failed,,,OGIMET request failed after 4 attempts.
91,209,2022-09-23T00:00:00+00:00,2022-09-30T00:00:00+00:00,Bang,https://www.ogimet.com/display_synopsc2.php?lang=en&estado=Bang&tipo=SI&ord=REV&nil=NO&fmt=txt&ano=2022&mes=09&day=23&hora=0&anof=2022&mesf=09&dayf=30&horaf=0&send=send,data\raw\ground_ogimet\ogimet_synop_Bang_2022092300_2022093000_UTC.txt,failed,,,OGIMET request failed after 4 attempts.
92,209,2022-09-30T00:00:00+00:00,2022-10-07T00:00:00+00:00,Bang,https://www.ogimet.com/display_synopsc2.php?lang=en&estado=Bang&tipo=SI&ord=REV&nil=NO&fmt=txt&ano=2022&mes=09&day=30&hora=0&anof=2022&mesf=10&dayf=07&horaf=0&send=send,data\raw\ground_ogimet\ogimet_synop_Bang_2022093000_2022100700_UTC.txt,failed,,,OGIMET request failed after 4 attempts.
93,209,2022-10-07T00:00:00+00:00,2022-10-14T00:00:00+00:00,Bang,https://www.ogimet.com/display_synopsc2.php?lang=en&estado=Bang&tipo=SI&ord=REV&nil=NO&fmt=txt&ano=2022&mes=10&day=07&hora=0&anof=2022&mesf=10&dayf=14&horaf=0&send=send,data\raw\ground_ogimet\ogimet_synop_Bang_2022100700_2022101400_UTC.txt,failed,,,OGIMET request failed after 4 attempts.
94,209,2022-10-14T00:00:00+00:00,2022-10-21T00:00:00+00:00,Bang,https://www.ogimet.com/display_synopsc2.php?lang=en&estado=Bang&tipo=SI&ord=REV&nil=NO&fmt=txt&ano=2022&mes=10&day=14&hora=0&anof=2022&mesf=10&dayf=21&horaf=0&send=send,data\raw\ground_ogimet\ogimet_synop_Bang_2022101400_2022102100_UTC.txt,failed,,,OGIMET request failed after 4 attempts.
95,209,2022-10-21T00:00:00+00:00,2022-10-28T00:00:00+00:00,Bang,https://www.ogimet.com/display_synopsc2.php?lang=en&estado=Bang&tipo=SI&ord=REV&nil=NO&fmt=txt&ano=2022&mes=10&day=21&hora=0&anof=2022&mesf=10&dayf=28&horaf=0&send=send,data\raw\ground_ogimet\ogimet_synop_Bang_2022102100_2022102800_UTC.txt,failed,,,OGIMET request failed after 4 attempts.
96,209,2022-10-28T00:00:00+00:00,2022-11-04T00:00:00+00:00,Bang,https://www.ogimet.com/display_synopsc2.php?lang=en&estado=Bang&tipo=SI&ord=REV&nil=NO&fmt=txt&ano=2022&mes=10&day=28&hora=0&anof=2022&mesf=11&dayf=04&horaf=0&send=send,data\raw\ground_ogimet\ogimet_synop_Bang_2022102800_2022110400_UTC.txt,failed,,,OGIMET request failed after 4 attempts.
97,209,2022-11-04T00:00:00+00:00,2022-11-11T00:00:00+00:00,Bang,https://www.ogimet.com/display_synopsc2.php?lang=en&estado=Bang&tipo=SI&ord=REV&nil=NO&fmt=txt&ano=2022&mes=11&day=04&hora=0&anof=2022&mesf=11&dayf=11&horaf=0&send=send,data\raw\ground_ogimet\ogimet_synop_Bang_2022110400_2022111100_UTC.txt,failed,,,OGIMET request failed after 4 attempts.
98,209,2022-11-11T00:00:00+00:00,2022-11-18T00:00:00+00:00,Bang,https://www.ogimet.com/display_synopsc2.php?lang=en&estado=Bang&tipo=SI&ord=REV&nil=NO&fmt=txt&ano=2022&mes=11&day=11&hora=0&anof=2022&mesf=11&dayf=18&horaf=0&send=send,data\raw\ground_ogimet\ogimet_synop_Bang_2022111100_2022111800_UTC.txt,failed,,,OGIMET request failed after 4 attempts.
99,209,2022-11-18T00:00:00+00:00,2022-11-25T00:00:00+00:00,Bang,https://www.ogimet.com/display_synopsc2.php?lang=en&estado=Bang&tipo=SI&ord=REV&nil=NO&fmt=txt&ano=2022&mes=11&day=18&hora=0&anof=2022&mesf=11&dayf=25&horaf=0&send=send,data\raw\ground_ogimet\ogimet_synop_Bang_2022111800_2022112500_UTC.txt,failed,,,OGIMET request failed after 4 attempts.
100,209,2022-11-25T00:00:00+00:00,2022-12-02T00:00:00+00:00,Bang,https://www.ogimet.com/display_synopsc2.php?lang=en&estado=Bang&tipo=SI&ord=REV&nil=NO&fmt=txt&ano=2022&mes=11&day=25&hora=0&anof=2022&mesf=12&dayf=02&horaf=0&send=send,data\raw\ground_ogimet\ogimet_synop_Bang_2022112500_2022120200_UTC.txt,failed,,,OGIMET request failed after 4 attempts.
101,209,2022-12-02T00:00:00+00:00,2022-12-09T00:00:00+00:00,Bang,https://www.ogimet.com/display_synopsc2.php?lang=en&estado=Bang&tipo=SI&ord=REV&nil=NO&fmt=txt&ano=2022&mes=12&day=02&hora=0&anof=2022&mesf=12&dayf=09&horaf=0&send=send,data\raw\ground_ogimet\ogimet_synop_Bang_2022120200_2022120900_UTC.txt,failed,,,OGIMET request failed after 4 attempts.
102,209,2022-12-09T00:00:00+00:00,2022-12-16T00:00:00+00:00,Bang,https://www.ogimet.com/display_synopsc2.php?lang=en&estado=Bang&tipo=SI&ord=REV&nil=NO&fmt=txt&ano=2022&mes=12&day=09&hora=0&anof=2022&mesf=12&dayf=16&horaf=0&send=send,data\raw\ground_ogimet\ogimet_synop_Bang_2022120900_2022121600_UTC.txt,failed,,,OGIMET request failed after 4 attempts.
103,209,2022-12-16T00:00:00+00:00,2022-12-23T00:00:00+00:00,Bang,https://www.ogimet.com/display_synopsc2.php?lang=en&estado=Bang&tipo=SI&ord=REV&nil=NO&fmt=txt&ano=2022&mes=12&day=16&hora=0&anof=2022&mesf=12&dayf=23&horaf=0&send=send,data\raw\ground_ogimet\ogimet_synop_Bang_2022121600_2022122300_UTC.txt,failed,,,OGIMET request failed after 4 attempts.
104,209,2022-12-23T00:00:00+00:00,2022-12-30T00:00:00+00:00,Bang,https://www.ogimet.com/display_synopsc2.php?lang=en&estado=Bang&tipo=SI&ord=REV&nil=NO&fmt=txt&ano=2022&mes=12&day=23&hora=0&anof=2022&mesf=12&dayf=30&horaf=0&send=send,data\raw\ground_ogimet\ogimet_synop_Bang_2022122300_2022123000_UTC.txt,failed,,,OGIMET request failed after 4 attempts.
105,209,2022-12-30T00:00:00+00:00,2023-01-06T00:00:00+00:00,Bang,https://www.ogimet.com/display_synopsc2.php?lang=en&estado=Bang&tipo=SI&ord=REV&nil=NO&fmt=txt&ano=2022&mes=12&day=30&hora=0&anof=2023&mesf=01&dayf=06&horaf=0&send=send,data\raw\ground_ogimet\ogimet_synop_Bang_2022123000_2023010600_UTC.txt,failed,,,OGIMET request failed after 4 attempts.
106,209,2023-01-06T00:00:00+00:00,2023-01-13T00:00:00+00:00,Bang,https://www.ogimet.com/display_synopsc2.php?lang=en&estado=Bang&tipo=SI&ord=REV&nil=NO&fmt=txt&ano=2023&mes=01&day=06&hora=0&anof=2023&mesf=01&dayf=13&horaf=0&send=send,data\raw\ground_ogimet\ogimet_synop_Bang_2023010600_2023011300_UTC.txt,failed,,,OGIMET request failed after 4 attempts.
107,209,2023-01-13T00:00:00+00:00,2023-01-20T00:00:00+00:00,Bang,https://www.ogimet.com/display_synopsc2.php?lang=en&estado=Bang&tipo=SI&ord=REV&nil=NO&fmt=txt&ano=2023&mes=01&day=13&hora=0&anof=2023&mesf=01&dayf=20&horaf=0&send=send,data\raw\ground_ogimet\ogimet_synop_Bang_2023011300_2023012000_UTC.txt,failed,,,OGIMET request failed after 4 attempts.
108,209,2023-01-20T00:00:00+00:00,2023-01-27T00:00:00+00:00,Bang,https://www.ogimet.com/display_synopsc2.php?lang=en&estado=Bang&tipo=SI&ord=REV&nil=NO&fmt=txt&ano=2023&mes=01&day=20&hora=0&anof=2023&mesf=01&dayf=27&horaf=0&send=send,data\raw\ground_ogimet\ogimet_synop_Bang_2023012000_2023012700_UTC.txt,failed,,,OGIMET request failed after 4 attempts.
109,209,2023-01-27T00:00:00+00:00,2023-02-03T00:00:00+00:00,Bang,https://www.ogimet.com/display_synopsc2.php?lang=en&estado=Bang&tipo=SI&ord=REV&nil=NO&fmt=txt&ano=2023&mes=01&day=27&hora=0&anof=2023&mesf=02&dayf=03&horaf=0&send=send,data\raw\ground_ogimet\ogimet_synop_Bang_2023012700_2023020300_UTC.txt,failed,,,OGIMET request failed after 4 attempts.
110,209,2023-02-03T00:00:00+00:00,2023-02-10T00:00:00+00:00,Bang,https://www.ogimet.com/display_synopsc2.php?lang=en&estado=Bang&tipo=SI&ord=REV&nil=NO&fmt=txt&ano=2023&mes=02&day=03&hora=0&anof=2023&mesf=02&dayf=10&horaf=0&send=send,data\raw\ground_ogimet\ogimet_synop_Bang_2023020300_2023021000_UTC.txt,failed,,,OGIMET request failed after 4 attempts.
111,209,2023-02-10T00:00:00+00:00,2023-02-17T00:00:00+00:00,Bang,https://www.ogimet.com/display_synopsc2.php?lang=en&estado=Bang&tipo=SI&ord=REV&nil=NO&fmt=txt&ano=2023&mes=02&day=10&hora=0&anof=2023&mesf=02&dayf=17&horaf=0&send=send,data\raw\ground_ogimet\ogimet_synop_Bang_2023021000_2023021700_UTC.txt,failed,,,OGIMET request failed after 4 attempts.
112,209,2023-02-17T00:00:00+00:00,2023-02-24T00:00:00+00:00,Bang,https://www.ogimet.com/display_synopsc2.php?lang=en&estado=Bang&tipo=SI&ord=REV&nil=NO&fmt=txt&ano=2023&mes=02&day=17&hora=0&anof=2023&mesf=02&dayf=24&horaf=0&send=send,data\raw\ground_ogimet\ogimet_synop_Bang_2023021700_2023022400_UTC.txt,failed,,,OGIMET request failed after 4 attempts.
113,209,2023-02-24T00:00:00+00:00,2023-03-03T00:00:00+00:00,Bang,https://www.ogimet.com/display_synopsc2.php?lang=en&estado=Bang&tipo=SI&ord=REV&nil=NO&fmt=txt&ano=2023&mes=02&day=24&hora=0&anof=2023&mesf=03&dayf=03&horaf=0&send=send,data\raw\ground_ogimet\ogimet_synop_Bang_2023022400_2023030300_UTC.txt,failed,,,OGIMET request failed after 4 attempts.
114,209,2023-03-03T00:00:00+00:00,2023-03-10T00:00:00+00:00,Bang,https://www.ogimet.com/display_synopsc2.php?lang=en&estado=Bang&tipo=SI&ord=REV&nil=NO&fmt=txt&ano=2023&mes=03&day=03&hora=0&anof=2023&mesf=03&dayf=10&horaf=0&send=send,data\raw\ground_ogimet\ogimet_synop_Bang_2023030300_2023031000_UTC.txt,failed,,,OGIMET request failed after 4 attempts.
115,209,2023-03-10T00:00:00+00:00,2023-03-17T00:00:00+00:00,Bang,https://www.ogimet.com/display_synopsc2.php?lang=en&estado=Bang&tipo=SI&ord=REV&nil=NO&fmt=txt&ano=2023&mes=03&day=10&hora=0&anof=2023&mesf=03&dayf=17&horaf=0&send=send,data\raw\ground_ogimet\ogimet_synop_Bang_2023031000_2023031700_UTC.txt,failed,,,OGIMET request failed after 4 attempts.
116,209,2023-03-17T00:00:00+00:00,2023-03-24T00:00:00+00:00,Bang,https://www.ogimet.com/display_synopsc2.php?lang=en&estado=Bang&tipo=SI&ord=REV&nil=NO&fmt=txt&ano=2023&mes=03&day=17&hora=0&anof=2023&mesf=03&dayf=24&horaf=0&send=send,data\raw\ground_ogimet\ogimet_synop_Bang_2023031700_2023032400_UTC.txt,failed,,,OGIMET request failed after 4 attempts.
117,209,2023-03-24T00:00:00+00:00,2023-03-31T00:00:00+00:00,Bang,https://www.ogimet.com/display_synopsc2.php?lang=en&estado=Bang&tipo=SI&ord=REV&nil=NO&fmt=txt&ano=2023&mes=03&day=24&hora=0&anof=2023&mesf=03&dayf=31&horaf=0&send=send,data\raw\ground_ogimet\ogimet_synop_Bang_2023032400_2023033100_UTC.txt,failed,,,OGIMET request failed after 4 attempts.
118,209,2023-03-31T00:00:00+00:00,2023-04-07T00:00:00+00:00,Bang,https://www.ogimet.com/display_synopsc2.php?lang=en&estado=Bang&tipo=SI&ord=REV&nil=NO&fmt=txt&ano=2023&mes=03&day=31&hora=0&anof=2023&mesf=04&dayf=07&horaf=0&send=send,data\raw\ground_ogimet\ogimet_synop_Bang_2023033100_2023040700_UTC.txt,failed,,,OGIMET request failed after 4 attempts.
119,209,2023-04-07T00:00:00+00:00,2023-04-14T00:00:00+00:00,Bang,https://www.ogimet.com/display_synopsc2.php?lang=en&estado=Bang&tipo=SI&ord=REV&nil=NO&fmt=txt&ano=2023&mes=04&day=07&hora=0&anof=2023&mesf=04&dayf=14&horaf=0&send=send,data\raw\ground_ogimet\ogimet_synop_Bang_2023040700_2023041400_UTC.txt,failed,,,OGIMET request failed after 4 attempts.
120,209,2023-04-14T00:00:00+00:00,2023-04-21T00:00:00+00:00,Bang,https://www.ogimet.com/display_synopsc2.php?lang=en&estado=Bang&tipo=SI&ord=REV&nil=NO&fmt=txt&ano=2023&mes=04&day=14&hora=0&anof=2023&mesf=04&dayf=21&horaf=0&send=send,data\raw\ground_ogimet\ogimet_synop_Bang_2023041400_2023042100_UTC.txt,failed,,,OGIMET request failed after 4 attempts.
121,209,2023-04-21T00:00:00+00:00,2023-04-28T00:00:00+00:00,Bang,https://www.ogimet.com/display_synopsc2.php?lang=en&estado=Bang&tipo=SI&ord=REV&nil=NO&fmt=txt&ano=2023&mes=04&day=21&hora=0&anof=2023&mesf=04&dayf=28&horaf=0&send=send,data\raw\ground_ogimet\ogimet_synop_Bang_2023042100_2023042800_UTC.txt,failed,,,OGIMET request failed after 4 attempts.
122,209,2023-04-28T00:00:00+00:00,2023-05-05T00:00:00+00:00,Bang,https://www.ogimet.com/display_synopsc2.php?lang=en&estado=Bang&tipo=SI&ord=REV&nil=NO&fmt=txt&ano=2023&mes=04&day=28&hora=0&anof=2023&mesf=05&dayf=05&horaf=0&send=send,data\raw\ground_ogimet\ogimet_synop_Bang_2023042800_2023050500_UTC.txt,failed,,,OGIMET request failed after 4 attempts.
123,209,2023-05-05T00:00:00+00:00,2023-05-12T00:00:00+00:00,Bang,https://www.ogimet.com/display_synopsc2.php?lang=en&estado=Bang&tipo=SI&ord=REV&nil=NO&fmt=txt&ano=2023&mes=05&day=05&hora=0&anof=2023&mesf=05&dayf=12&horaf=0&send=send,data\raw\ground_ogimet\ogimet_synop_Bang_2023050500_2023051200_UTC.txt,failed,,,OGIMET request failed after 4 attempts.
124,209,2023-05-12T00:00:00+00:00,2023-05-19T00:00:00+00:00,Bang,https://www.ogimet.com/display_synopsc2.php?lang=en&estado=Bang&tipo=SI&ord=REV&nil=NO&fmt=txt&ano=2023&mes=05&day=12&hora=0&anof=2023&mesf=05&dayf=19&horaf=0&send=send,data\raw\ground_ogimet\ogimet_synop_Bang_2023051200_2023051900_UTC.txt,failed,,,OGIMET request failed after 4 attempts.
125,209,2023-05-19T00:00:00+00:00,2023-05-26T00:00:00+00:00,Bang,https://www.ogimet.com/display_synopsc2.php?lang=en&estado=Bang&tipo=SI&ord=REV&nil=NO&fmt=txt&ano=2023&mes=05&day=19&hora=0&anof=2023&mesf=05&dayf=26&horaf=0&send=send,data\raw\ground_ogimet\ogimet_synop_Bang_2023051900_2023052600_UTC.txt,failed,,,OGIMET request failed after 4 attempts.
126,209,2023-05-26T00:00:00+00:00,2023-06-02T00:00:00+00:00,Bang,https://www.ogimet.com/display_synopsc2.php?lang=en&estado=Bang&tipo=SI&ord=REV&nil=NO&fmt=txt&ano=2023&mes=05&day=26&hora=0&anof=2023&mesf=06&dayf=02&horaf=0&send=send,data\raw\ground_ogimet\ogimet_synop_Bang_2023052600_2023060200_UTC.txt,failed,,,OGIMET request failed after 4 attempts.
127,209,2023-06-02T00:00:00+00:00,2023-06-09T00:00:00+00:00,Bang,https://www.ogimet.com/display_synopsc2.php?lang=en&estado=Bang&tipo=SI&ord=REV&nil=NO&fmt=txt&ano=2023&mes=06&day=02&hora=0&anof=2023&mesf=06&dayf=09&horaf=0&send=send,data\raw\ground_ogimet\ogimet_synop_Bang_2023060200_2023060900_UTC.txt,failed,,,OGIMET request failed after 4 attempts.
128,209,2023-06-09T00:00:00+00:00,2023-06-16T00:00:00+00:00,Bang,https://www.ogimet.com/display_synopsc2.php?lang=en&estado=Bang&tipo=SI&ord=REV&nil=NO&fmt=txt&ano=2023&mes=06&day=09&hora=0&anof=2023&mesf=06&dayf=16&horaf=0&send=send,data\raw\ground_ogimet\ogimet_synop_Bang_2023060900_2023061600_UTC.txt,failed,,,OGIMET request failed after 4 attempts.
129,209,2023-06-16T00:00:00+00:00,2023-06-23T00:00:00+00:00,Bang,https://www.ogimet.com/display_synopsc2.php?lang=en&estado=Bang&tipo=SI&ord=REV&nil=NO&fmt=txt&ano=2023&mes=06&day=16&hora=0&anof=2023&mesf=06&dayf=23&horaf=0&send=send,data\raw\ground_ogimet\ogimet_synop_Bang_2023061600_2023062300_UTC.txt,failed,,,OGIMET request failed after 4 attempts.
130,209,2023-06-23T00:00:00+00:00,2023-06-30T00:00:00+00:00,Bang,https://www.ogimet.com/display_synopsc2.php?lang=en&estado=Bang&tipo=SI&ord=REV&nil=NO&fmt=txt&ano=2023&mes=06&day=23&hora=0&anof=2023&mesf=06&dayf=30&horaf=0&send=send,data\raw\ground_ogimet\ogimet_synop_Bang_2023062300_2023063000_UTC.txt,failed,,,OGIMET request failed after 4 attempts.
131,209,2023-06-30T00:00:00+00:00,2023-07-07T00:00:00+00:00,Bang,https://www.ogimet.com/display_synopsc2.php?lang=en&estado=Bang&tipo=SI&ord=REV&nil=NO&fmt=txt&ano=2023&mes=06&day=30&hora=0&anof=2023&mesf=07&dayf=07&horaf=0&send=send,data\raw\ground_ogimet\ogimet_synop_Bang_2023063000_2023070700_UTC.txt,failed,,,OGIMET request failed after 4 attempts.
132,209,2023-07-07T00:00:00+00:00,2023-07-14T00:00:00+00:00,Bang,https://www.ogimet.com/display_synopsc2.php?lang=en&estado=Bang&tipo=SI&ord=REV&nil=NO&fmt=txt&ano=2023&mes=07&day=07&hora=0&anof=2023&mesf=07&dayf=14&horaf=0&send=send,data\raw\ground_ogimet\ogimet_synop_Bang_2023070700_2023071400_UTC.txt,failed,,,OGIMET request failed after 4 attempts.
133,209,2023-07-14T00:00:00+00:00,2023-07-21T00:00:00+00:00,Bang,https://www.ogimet.com/display_synopsc2.php?lang=en&estado=Bang&tipo=SI&ord=REV&nil=NO&fmt=txt&ano=2023&mes=07&day=14&hora=0&anof=2023&mesf=07&dayf=21&horaf=0&send=send,data\raw\ground_ogimet\ogimet_synop_Bang_2023071400_2023072100_UTC.txt,failed,,,OGIMET request failed after 4 attempts.
134,209,2023-07-21T00:00:00+00:00,2023-07-28T00:00:00+00:00,Bang,https://www.ogimet.com/display_synopsc2.php?lang=en&estado=Bang&tipo=SI&ord=REV&nil=NO&fmt=txt&ano=2023&mes=07&day=21&hora=0&anof=2023&mesf=07&dayf=28&horaf=0&send=send,data\raw\ground_ogimet\ogimet_synop_Bang_2023072100_2023072800_UTC.txt,failed,,,OGIMET request failed after 4 attempts.
135,209,2023-07-28T00:00:00+00:00,2023-08-04T00:00:00+00:00,Bang,https://www.ogimet.com/display_synopsc2.php?lang=en&estado=Bang&tipo=SI&ord=REV&nil=NO&fmt=txt&ano=2023&mes=07&day=28&hora=0&anof=2023&mesf=08&dayf=04&horaf=0&send=send,data\raw\ground_ogimet\ogimet_synop_Bang_2023072800_2023080400_UTC.txt,failed,,,OGIMET request failed after 4 attempts.
136,209,2023-08-04T00:00:00+00:00,2023-08-11T00:00:00+00:00,Bang,https://www.ogimet.com/display_synopsc2.php?lang=en&estado=Bang&tipo=SI&ord=REV&nil=NO&fmt=txt&ano=2023&mes=08&day=04&hora=0&anof=2023&mesf=08&dayf=11&horaf=0&send=send,data\raw\ground_ogimet\ogimet_synop_Bang_2023080400_2023081100_UTC.txt,failed,,,OGIMET request failed after 4 attempts.
137,209,2023-08-11T00:00:00+00:00,2023-08-18T00:00:00+00:00,Bang,https://www.ogimet.com/display_synopsc2.php?lang=en&estado=Bang&tipo=SI&ord=REV&nil=NO&fmt=txt&ano=2023&mes=08&day=11&hora=0&anof=2023&mesf=08&dayf=18&horaf=0&send=send,data\raw\ground_ogimet\ogimet_synop_Bang_2023081100_2023081800_UTC.txt,failed,,,OGIMET request failed after 4 attempts.
138,209,2023-08-18T00:00:00+00:00,2023-08-25T00:00:00+00:00,Bang,https://www.ogimet.com/display_synopsc2.php?lang=en&estado=Bang&tipo=SI&ord=REV&nil=NO&fmt=txt&ano=2023&mes=08&day=18&hora=0&anof=2023&mesf=08&dayf=25&horaf=0&send=send,data\raw\ground_ogimet\ogimet_synop_Bang_2023081800_2023082500_UTC.txt,failed,,,OGIMET request failed after 4 attempts.
139,209,2023-08-25T00:00:00+00:00,2023-09-01T00:00:00+00:00,Bang,https://www.ogimet.com/display_synopsc2.php?lang=en&estado=Bang&tipo=SI&ord=REV&nil=NO&fmt=txt&ano=2023&mes=08&day=25&hora=0&anof=2023&mesf=09&dayf=01&horaf=0&send=send,data\raw\ground_ogimet\ogimet_synop_Bang_2023082500_2023090100_UTC.txt,failed,,,OGIMET request failed after 4 attempts.
140,209,2023-09-01T00:00:00+00:00,2023-09-08T00:00:00+00:00,Bang,https://www.ogimet.com/display_synopsc2.php?lang=en&estado=Bang&tipo=SI&ord=REV&nil=NO&fmt=txt&ano=2023&mes=09&day=01&hora=0&anof=2023&mesf=09&dayf=08&horaf=0&send=send,data\raw\ground_ogimet\ogimet_synop_Bang_2023090100_2023090800_UTC.txt,failed,,,OGIMET request failed after 4 attempts.
141,209,2023-09-08T00:00:00+00:00,2023-09-15T00:00:00+00:00,Bang,https://www.ogimet.com/display_synopsc2.php?lang=en&estado=Bang&tipo=SI&ord=REV&nil=NO&fmt=txt&ano=2023&mes=09&day=08&hora=0&anof=2023&mesf=09&dayf=15&horaf=0&send=send,data\raw\ground_ogimet\ogimet_synop_Bang_2023090800_2023091500_UTC.txt,failed,,,OGIMET request failed after 4 attempts.
142,209,2023-09-15T00:00:00+00:00,2023-09-22T00:00:00+00:00,Bang,https://www.ogimet.com/display_synopsc2.php?lang=en&estado=Bang&tipo=SI&ord=REV&nil=NO&fmt=txt&ano=2023&mes=09&day=15&hora=0&anof=2023&mesf=09&dayf=22&horaf=0&send=send,data\raw\ground_ogimet\ogimet_synop_Bang_2023091500_2023092200_UTC.txt,failed,,,OGIMET request failed after 4 attempts.
143,209,2023-09-22T00:00:00+00:00,2023-09-29T00:00:00+00:00,Bang,https://www.ogimet.com/display_synopsc2.php?lang=en&estado=Bang&tipo=SI&ord=REV&nil=NO&fmt=txt&ano=2023&mes=09&day=22&hora=0&anof=2023&mesf=09&dayf=29&horaf=0&send=send,data\raw\ground_ogimet\ogimet_synop_Bang_2023092200_2023092900_UTC.txt,failed,,,OGIMET request failed after 4 attempts.
144,209,2023-09-29T00:00:00+00:00,2023-10-06T00:00:00+00:00,Bang,https://www.ogimet.com/display_synopsc2.php?lang=en&estado=Bang&tipo=SI&ord=REV&nil=NO&fmt=txt&ano=2023&mes=09&day=29&hora=0&anof=2023&mesf=10&dayf=06&horaf=0&send=send,data\raw\ground_ogimet\ogimet_synop_Bang_2023092900_2023100600_UTC.txt,failed,,,OGIMET request failed after 4 attempts.
145,209,2023-10-06T00:00:00+00:00,2023-10-13T00:00:00+00:00,Bang,https://www.ogimet.com/display_synopsc2.php?lang=en&estado=Bang&tipo=SI&ord=REV&nil=NO&fmt=txt&ano=2023&mes=10&day=06&hora=0&anof=2023&mesf=10&dayf=13&horaf=0&send=send,data\raw\ground_ogimet\ogimet_synop_Bang_2023100600_2023101300_UTC.txt,failed,,,OGIMET request failed after 4 attempts.
146,209,2023-10-13T00:00:00+00:00,2023-10-20T00:00:00+00:00,Bang,https://www.ogimet.com/display_synopsc2.php?lang=en&estado=Bang&tipo=SI&ord=REV&nil=NO&fmt=txt&ano=2023&mes=10&day=13&hora=0&anof=2023&mesf=10&dayf=20&horaf=0&send=send,data\raw\ground_ogimet\ogimet_synop_Bang_2023101300_2023102000_UTC.txt,failed,,,OGIMET request failed after 4 attempts.
147,209,2023-10-20T00:00:00+00:00,2023-10-27T00:00:00+00:00,Bang,https://www.ogimet.com/display_synopsc2.php?lang=en&estado=Bang&tipo=SI&ord=REV&nil=NO&fmt=txt&ano=2023&mes=10&day=20&hora=0&anof=2023&mesf=10&dayf=27&horaf=0&send=send,data\raw\ground_ogimet\ogimet_synop_Bang_2023102000_2023102700_UTC.txt,failed,,,OGIMET request failed after 4 attempts.
148,209,2023-10-27T00:00:00+00:00,2023-11-03T00:00:00+00:00,Bang,https://www.ogimet.com/display_synopsc2.php?lang=en&estado=Bang&tipo=SI&ord=REV&nil=NO&fmt=txt&ano=2023&mes=10&day=27&hora=0&anof=2023&mesf=11&dayf=03&horaf=0&send=send,data\raw\ground_ogimet\ogimet_synop_Bang_2023102700_2023110300_UTC.txt,failed,,,OGIMET request failed after 4 attempts.
149,209,2023-11-03T00:00:00+00:00,2023-11-10T00:00:00+00:00,Bang,https://www.ogimet.com/display_synopsc2.php?lang=en&estado=Bang&tipo=SI&ord=REV&nil=NO&fmt=txt&ano=2023&mes=11&day=03&hora=0&anof=2023&mesf=11&dayf=10&horaf=0&send=send,data\raw\ground_ogimet\ogimet_synop_Bang_2023110300_2023111000_UTC.txt,failed,,,OGIMET request failed after 4 attempts.
150,209,2023-11-10T00:00:00+00:00,2023-11-17T00:00:00+00:00,Bang,https://www.ogimet.com/display_synopsc2.php?lang=en&estado=Bang&tipo=SI&ord=REV&nil=NO&fmt=txt&ano=2023&mes=11&day=10&hora=0&anof=2023&mesf=11&dayf=17&horaf=0&send=send,data\raw\ground_ogimet\ogimet_synop_Bang_2023111000_2023111700_UTC.txt,failed,,,OGIMET request failed after 4 attempts.
151,209,2023-11-17T00:00:00+00:00,2023-11-24T00:00:00+00:00,Bang,https://www.ogimet.com/display_synopsc2.php?lang=en&estado=Bang&tipo=SI&ord=REV&nil=NO&fmt=txt&ano=2023&mes=11&day=17&hora=0&anof=2023&mesf=11&dayf=24&horaf=0&send=send,data\raw\ground_ogimet\ogimet_synop_Bang_2023111700_2023112400_UTC.txt,failed,,,OGIMET request failed after 4 attempts.
152,209,2023-11-24T00:00:00+00:00,2023-12-01T00:00:00+00:00,Bang,https://www.ogimet.com/display_synopsc2.php?lang=en&estado=Bang&tipo=SI&ord=REV&nil=NO&fmt=txt&ano=2023&mes=11&day=24&hora=0&anof=2023&mesf=12&dayf=01&horaf=0&send=send,data\raw\ground_ogimet\ogimet_synop_Bang_2023112400_2023120100_UTC.txt,failed,,,OGIMET request failed after 4 attempts.
153,209,2023-12-01T00:00:00+00:00,2023-12-08T00:00:00+00:00,Bang,https://www.ogimet.com/display_synopsc2.php?lang=en&estado=Bang&tipo=SI&ord=REV&nil=NO&fmt=txt&ano=2023&mes=12&day=01&hora=0&anof=2023&mesf=12&dayf=08&horaf=0&send=send,data\raw\ground_ogimet\ogimet_synop_Bang_2023120100_2023120800_UTC.txt,failed,,,OGIMET request failed after 4 attempts.
154,209,2023-12-08T00:00:00+00:00,2023-12-15T00:00:00+00:00,Bang,https://www.ogimet.com/display_synopsc2.php?lang=en&estado=Bang&tipo=SI&ord=REV&nil=NO&fmt=txt&ano=2023&mes=12&day=08&hora=0&anof=2023&mesf=12&dayf=15&horaf=0&send=send,data\raw\ground_ogimet\ogimet_synop_Bang_2023120800_2023121500_UTC.txt,failed,,,OGIMET request failed after 4 attempts.
155,209,2023-12-15T00:00:00+00:00,2023-12-22T00:00:00+00:00,Bang,https://www.ogimet.com/display_synopsc2.php?lang=en&estado=Bang&tipo=SI&ord=REV&nil=NO&fmt=txt&ano=2023&mes=12&day=15&hora=0&anof=2023&mesf=12&dayf=22&horaf=0&send=send,data\raw\ground_ogimet\ogimet_synop_Bang_2023121500_2023122200_UTC.txt,failed,,,OGIMET request failed after 4 attempts.
156,209,2023-12-22T00:00:00+00:00,2023-12-29T00:00:00+00:00,Bang,https://www.ogimet.com/display_synopsc2.php?lang=en&estado=Bang&tipo=SI&ord=REV&nil=NO&fmt=txt&ano=2023&mes=12&day=22&hora=0&anof=2023&mesf=12&dayf=29&horaf=0&send=send,data\raw\ground_ogimet\ogimet_synop_Bang_2023122200_2023122900_UTC.txt,failed,,,OGIMET request failed after 4 attempts.
157,209,2023-12-29T00:00:00+00:00,2024-01-05T00:00:00+00:00,Bang,https://www.ogimet.com/display_synopsc2.php?lang=en&estado=Bang&tipo=SI&ord=REV&nil=NO&fmt=txt&ano=2023&mes=12&day=29&hora=0&anof=2024&mesf=01&dayf=05&horaf=0&send=send,data\raw\ground_ogimet\ogimet_synop_Bang_2023122900_2024010500_UTC.txt,failed,,,OGIMET request failed after 4 attempts.
158,209,2024-01-05T00:00:00+00:00,2024-01-12T00:00:00+00:00,Bang,https://www.ogimet.com/display_synopsc2.php?lang=en&estado=Bang&tipo=SI&ord=REV&nil=NO&fmt=txt&ano=2024&mes=01&day=05&hora=0&anof=2024&mesf=01&dayf=12&horaf=0&send=send,data\raw\ground_ogimet\ogimet_synop_Bang_2024010500_2024011200_UTC.txt,failed,,,OGIMET request failed after 4 attempts.
159,209,2024-01-12T00:00:00+00:00,2024-01-19T00:00:00+00:00,Bang,https://www.ogimet.com/display_synopsc2.php?lang=en&estado=Bang&tipo=SI&ord=REV&nil=NO&fmt=txt&ano=2024&mes=01&day=12&hora=0&anof=2024&mesf=01&dayf=19&horaf=0&send=send,data\raw\ground_ogimet\ogimet_synop_Bang_2024011200_2024011900_UTC.txt,failed,,,OGIMET request failed after 4 attempts.
160,209,2024-01-19T00:00:00+00:00,2024-01-26T00:00:00+00:00,Bang,https://www.ogimet.com/display_synopsc2.php?lang=en&estado=Bang&tipo=SI&ord=REV&nil=NO&fmt=txt&ano=2024&mes=01&day=19&hora=0&anof=2024&mesf=01&dayf=26&horaf=0&send=send,data\raw\ground_ogimet\ogimet_synop_Bang_2024011900_2024012600_UTC.txt,failed,,,OGIMET request failed after 4 attempts.
161,209,2024-01-26T00:00:00+00:00,2024-02-02T00:00:00+00:00,Bang,https://www.ogimet.com/display_synopsc2.php?lang=en&estado=Bang&tipo=SI&ord=REV&nil=NO&fmt=txt&ano=2024&mes=01&day=26&hora=0&anof=2024&mesf=02&dayf=02&horaf=0&send=send,data\raw\ground_ogimet\ogimet_synop_Bang_2024012600_2024020200_UTC.txt,failed,,,OGIMET request failed after 4 attempts.
162,209,2024-02-02T00:00:00+00:00,2024-02-09T00:00:00+00:00,Bang,https://www.ogimet.com/display_synopsc2.php?lang=en&estado=Bang&tipo=SI&ord=REV&nil=NO&fmt=txt&ano=2024&mes=02&day=02&hora=0&anof=2024&mesf=02&dayf=09&horaf=0&send=send,data\raw\ground_ogimet\ogimet_synop_Bang_2024020200_2024020900_UTC.txt,failed,,,OGIMET request failed after 4 attempts.
163,209,2024-02-09T00:00:00+00:00,2024-02-16T00:00:00+00:00,Bang,https://www.ogimet.com/display_synopsc2.php?lang=en&estado=Bang&tipo=SI&ord=REV&nil=NO&fmt=txt&ano=2024&mes=02&day=09&hora=0&anof=2024&mesf=02&dayf=16&horaf=0&send=send,data\raw\ground_ogimet\ogimet_synop_Bang_2024020900_2024021600_UTC.txt,failed,,,OGIMET request failed after 4 attempts.
164,209,2024-02-16T00:00:00+00:00,2024-02-23T00:00:00+00:00,Bang,https://www.ogimet.com/display_synopsc2.php?lang=en&estado=Bang&tipo=SI&ord=REV&nil=NO&fmt=txt&ano=2024&mes=02&day=16&hora=0&anof=2024&mesf=02&dayf=23&horaf=0&send=send,data\raw\ground_ogimet\ogimet_synop_Bang_2024021600_2024022300_UTC.txt,failed,,,OGIMET request failed after 4 attempts.
165,209,2024-02-23T00:00:00+00:00,2024-03-01T00:00:00+00:00,Bang,https://www.ogimet.com/display_synopsc2.php?lang=en&estado=Bang&tipo=SI&ord=REV&nil=NO&fmt=txt&ano=2024&mes=02&day=23&hora=0&anof=2024&mesf=03&dayf=01&horaf=0&send=send,data\raw\ground_ogimet\ogimet_synop_Bang_2024022300_2024030100_UTC.txt,failed,,,OGIMET request failed after 4 attempts.
166,209,2024-03-01T00:00:00+00:00,2024-03-08T00:00:00+00:00,Bang,https://www.ogimet.com/display_synopsc2.php?lang=en&estado=Bang&tipo=SI&ord=REV&nil=NO&fmt=txt&ano=2024&mes=03&day=01&hora=0&anof=2024&mesf=03&dayf=08&horaf=0&send=send,data\raw\ground_ogimet\ogimet_synop_Bang_2024030100_2024030800_UTC.txt,failed,,,OGIMET request failed after 4 attempts.
167,209,2024-03-08T00:00:00+00:00,2024-03-15T00:00:00+00:00,Bang,https://www.ogimet.com/display_synopsc2.php?lang=en&estado=Bang&tipo=SI&ord=REV&nil=NO&fmt=txt&ano=2024&mes=03&day=08&hora=0&anof=2024&mesf=03&dayf=15&horaf=0&send=send,data\raw\ground_ogimet\ogimet_synop_Bang_2024030800_2024031500_UTC.txt,failed,,,OGIMET request failed after 4 attempts.
168,209,2024-03-15T00:00:00+00:00,2024-03-22T00:00:00+00:00,Bang,https://www.ogimet.com/display_synopsc2.php?lang=en&estado=Bang&tipo=SI&ord=REV&nil=NO&fmt=txt&ano=2024&mes=03&day=15&hora=0&anof=2024&mesf=03&dayf=22&horaf=0&send=send,data\raw\ground_ogimet\ogimet_synop_Bang_2024031500_2024032200_UTC.txt,failed,,,OGIMET request failed after 4 attempts.
169,209,2024-03-22T00:00:00+00:00,2024-03-29T00:00:00+00:00,Bang,https://www.ogimet.com/display_synopsc2.php?lang=en&estado=Bang&tipo=SI&ord=REV&nil=NO&fmt=txt&ano=2024&mes=03&day=22&hora=0&anof=2024&mesf=03&dayf=29&horaf=0&send=send,data\raw\ground_ogimet\ogimet_synop_Bang_2024032200_2024032900_UTC.txt,failed,,,OGIMET request failed after 4 attempts.
170,209,2024-03-29T00:00:00+00:00,2024-04-05T00:00:00+00:00,Bang,https://www.ogimet.com/display_synopsc2.php?lang=en&estado=Bang&tipo=SI&ord=REV&nil=NO&fmt=txt&ano=2024&mes=03&day=29&hora=0&anof=2024&mesf=04&dayf=05&horaf=0&send=send,data\raw\ground_ogimet\ogimet_synop_Bang_2024032900_2024040500_UTC.txt,failed,,,OGIMET request failed after 4 attempts.
171,209,2024-04-05T00:00:00+00:00,2024-04-12T00:00:00+00:00,Bang,https://www.ogimet.com/display_synopsc2.php?lang=en&estado=Bang&tipo=SI&ord=REV&nil=NO&fmt=txt&ano=2024&mes=04&day=05&hora=0&anof=2024&mesf=04&dayf=12&horaf=0&send=send,data\raw\ground_ogimet\ogimet_synop_Bang_2024040500_2024041200_UTC.txt,failed,,,OGIMET request failed after 4 attempts.
172,209,2024-04-12T00:00:00+00:00,2024-04-19T00:00:00+00:00,Bang,https://www.ogimet.com/display_synopsc2.php?lang=en&estado=Bang&tipo=SI&ord=REV&nil=NO&fmt=txt&ano=2024&mes=04&day=12&hora=0&anof=2024&mesf=04&dayf=19&horaf=0&send=send,data\raw\ground_ogimet\ogimet_synop_Bang_2024041200_2024041900_UTC.txt,failed,,,OGIMET request failed after 4 attempts.
173,209,2024-04-19T00:00:00+00:00,2024-04-26T00:00:00+00:00,Bang,https://www.ogimet.com/display_synopsc2.php?lang=en&estado=Bang&tipo=SI&ord=REV&nil=NO&fmt=txt&ano=2024&mes=04&day=19&hora=0&anof=2024&mesf=04&dayf=26&horaf=0&send=send,data\raw\ground_ogimet\ogimet_synop_Bang_2024041900_2024042600_UTC.txt,failed,,,OGIMET request failed after 4 attempts.
174,209,2024-04-26T00:00:00+00:00,2024-05-03T00:00:00+00:00,Bang,https://www.ogimet.com/display_synopsc2.php?lang=en&estado=Bang&tipo=SI&ord=REV&nil=NO&fmt=txt&ano=2024&mes=04&day=26&hora=0&anof=2024&mesf=05&dayf=03&horaf=0&send=send,data\raw\ground_ogimet\ogimet_synop_Bang_2024042600_2024050300_UTC.txt,failed,,,OGIMET request failed after 4 attempts.
175,209,2024-05-03T00:00:00+00:00,2024-05-10T00:00:00+00:00,Bang,https://www.ogimet.com/display_synopsc2.php?lang=en&estado=Bang&tipo=SI&ord=REV&nil=NO&fmt=txt&ano=2024&mes=05&day=03&hora=0&anof=2024&mesf=05&dayf=10&horaf=0&send=send,data\raw\ground_ogimet\ogimet_synop_Bang_2024050300_2024051000_UTC.txt,failed,,,OGIMET request failed after 4 attempts.
176,209,2024-05-10T00:00:00+00:00,2024-05-17T00:00:00+00:00,Bang,https://www.ogimet.com/display_synopsc2.php?lang=en&estado=Bang&tipo=SI&ord=REV&nil=NO&fmt=txt&ano=2024&mes=05&day=10&hora=0&anof=2024&mesf=05&dayf=17&horaf=0&send=send,data\raw\ground_ogimet\ogimet_synop_Bang_2024051000_2024051700_UTC.txt,failed,,,OGIMET request failed after 4 attempts.
177,209,2024-05-17T00:00:00+00:00,2024-05-24T00:00:00+00:00,Bang,https://www.ogimet.com/display_synopsc2.php?lang=en&estado=Bang&tipo=SI&ord=REV&nil=NO&fmt=txt&ano=2024&mes=05&day=17&hora=0&anof=2024&mesf=05&dayf=24&horaf=0&send=send,data\raw\ground_ogimet\ogimet_synop_Bang_2024051700_2024052400_UTC.txt,failed,,,OGIMET request failed after 4 attempts.
178,209,2024-05-24T00:00:00+00:00,2024-05-31T00:00:00+00:00,Bang,https://www.ogimet.com/display_synopsc2.php?lang=en&estado=Bang&tipo=SI&ord=REV&nil=NO&fmt=txt&ano=2024&mes=05&day=24&hora=0&anof=2024&mesf=05&dayf=31&horaf=0&send=send,data\raw\ground_ogimet\ogimet_synop_Bang_2024052400_2024053100_UTC.txt,failed,,,OGIMET request failed after 4 attempts.
179,209,2024-05-31T00:00:00+00:00,2024-06-07T00:00:00+00:00,Bang,https://www.ogimet.com/display_synopsc2.php?lang=en&estado=Bang&tipo=SI&ord=REV&nil=NO&fmt=txt&ano=2024&mes=05&day=31&hora=0&anof=2024&mesf=06&dayf=07&horaf=0&send=send,data\raw\ground_ogimet\ogimet_synop_Bang_2024053100_2024060700_UTC.txt,failed,,,OGIMET request failed after 4 attempts.
180,209,2024-06-07T00:00:00+00:00,2024-06-14T00:00:00+00:00,Bang,https://www.ogimet.com/display_synopsc2.php?lang=en&estado=Bang&tipo=SI&ord=REV&nil=NO&fmt=txt&ano=2024&mes=06&day=07&hora=0&anof=2024&mesf=06&dayf=14&horaf=0&send=send,data\raw\ground_ogimet\ogimet_synop_Bang_2024060700_2024061400_UTC.txt,failed,,,OGIMET request failed after 4 attempts.
181,209,2024-06-14T00:00:00+00:00,2024-06-21T00:00:00+00:00,Bang,https://www.ogimet.com/display_synopsc2.php?lang=en&estado=Bang&tipo=SI&ord=REV&nil=NO&fmt=txt&ano=2024&mes=06&day=14&hora=0&anof=2024&mesf=06&dayf=21&horaf=0&send=send,data\raw\ground_ogimet\ogimet_synop_Bang_2024061400_2024062100_UTC.txt,failed,,,OGIMET request failed after 4 attempts.
182,209,2024-06-21T00:00:00+00:00,2024-06-28T00:00:00+00:00,Bang,https://www.ogimet.com/display_synopsc2.php?lang=en&estado=Bang&tipo=SI&ord=REV&nil=NO&fmt=txt&ano=2024&mes=06&day=21&hora=0&anof=2024&mesf=06&dayf=28&horaf=0&send=send,data\raw\ground_ogimet\ogimet_synop_Bang_2024062100_2024062800_UTC.txt,failed,,,OGIMET request failed after 4 attempts.
183,209,2024-06-28T00:00:00+00:00,2024-07-05T00:00:00+00:00,Bang,https://www.ogimet.com/display_synopsc2.php?lang=en&estado=Bang&tipo=SI&ord=REV&nil=NO&fmt=txt&ano=2024&mes=06&day=28&hora=0&anof=2024&mesf=07&dayf=05&horaf=0&send=send,data\raw\ground_ogimet\ogimet_synop_Bang_2024062800_2024070500_UTC.txt,failed,,,OGIMET request failed after 4 attempts.
184,209,2024-07-05T00:00:00+00:00,2024-07-12T00:00:00+00:00,Bang,https://www.ogimet.com/display_synopsc2.php?lang=en&estado=Bang&tipo=SI&ord=REV&nil=NO&fmt=txt&ano=2024&mes=07&day=05&hora=0&anof=2024&mesf=07&dayf=12&horaf=0&send=send,data\raw\ground_ogimet\ogimet_synop_Bang_2024070500_2024071200_UTC.txt,failed,,,OGIMET request failed after 4 attempts.
185,209,2024-07-12T00:00:00+00:00,2024-07-19T00:00:00+00:00,Bang,https://www.ogimet.com/display_synopsc2.php?lang=en&estado=Bang&tipo=SI&ord=REV&nil=NO&fmt=txt&ano=2024&mes=07&day=12&hora=0&anof=2024&mesf=07&dayf=19&horaf=0&send=send,data\raw\ground_ogimet\ogimet_synop_Bang_2024071200_2024071900_UTC.txt,failed,,,OGIMET request failed after 4 attempts.
186,209,2024-07-19T00:00:00+00:00,2024-07-26T00:00:00+00:00,Bang,https://www.ogimet.com/display_synopsc2.php?lang=en&estado=Bang&tipo=SI&ord=REV&nil=NO&fmt=txt&ano=2024&mes=07&day=19&hora=0&anof=2024&mesf=07&dayf=26&horaf=0&send=send,data\raw\ground_ogimet\ogimet_synop_Bang_2024071900_2024072600_UTC.txt,failed,,,OGIMET request failed after 4 attempts.
187,209,2024-07-26T00:00:00+00:00,2024-08-02T00:00:00+00:00,Bang,https://www.ogimet.com/display_synopsc2.php?lang=en&estado=Bang&tipo=SI&ord=REV&nil=NO&fmt=txt&ano=2024&mes=07&day=26&hora=0&anof=2024&mesf=08&dayf=02&horaf=0&send=send,data\raw\ground_ogimet\ogimet_synop_Bang_2024072600_2024080200_UTC.txt,failed,,,OGIMET request failed after 4 attempts.
188,209,2024-08-02T00:00:00+00:00,2024-08-09T00:00:00+00:00,Bang,https://www.ogimet.com/display_synopsc2.php?lang=en&estado=Bang&tipo=SI&ord=REV&nil=NO&fmt=txt&ano=2024&mes=08&day=02&hora=0&anof=2024&mesf=08&dayf=09&horaf=0&send=send,data\raw\ground_ogimet\ogimet_synop_Bang_2024080200_2024080900_UTC.txt,failed,,,OGIMET request failed after 4 attempts.
189,209,2024-08-09T00:00:00+00:00,2024-08-16T00:00:00+00:00,Bang,https://www.ogimet.com/display_synopsc2.php?lang=en&estado=Bang&tipo=SI&ord=REV&nil=NO&fmt=txt&ano=2024&mes=08&day=09&hora=0&anof=2024&mesf=08&dayf=16&horaf=0&send=send,data\raw\ground_ogimet\ogimet_synop_Bang_2024080900_2024081600_UTC.txt,failed,,,OGIMET request failed after 4 attempts.
190,209,2024-08-16T00:00:00+00:00,2024-08-23T00:00:00+00:00,Bang,https://www.ogimet.com/display_synopsc2.php?lang=en&estado=Bang&tipo=SI&ord=REV&nil=NO&fmt=txt&ano=2024&mes=08&day=16&hora=0&anof=2024&mesf=08&dayf=23&horaf=0&send=send,data\raw\ground_ogimet\ogimet_synop_Bang_2024081600_2024082300_UTC.txt,failed,,,OGIMET request failed after 4 attempts.
191,209,2024-08-23T00:00:00+00:00,2024-08-30T00:00:00+00:00,Bang,https://www.ogimet.com/display_synopsc2.php?lang=en&estado=Bang&tipo=SI&ord=REV&nil=NO&fmt=txt&ano=2024&mes=08&day=23&hora=0&anof=2024&mesf=08&dayf=30&horaf=0&send=send,data\raw\ground_ogimet\ogimet_synop_Bang_2024082300_2024083000_UTC.txt,failed,,,OGIMET request failed after 4 attempts.
192,209,2024-08-30T00:00:00+00:00,2024-09-06T00:00:00+00:00,Bang,https://www.ogimet.com/display_synopsc2.php?lang=en&estado=Bang&tipo=SI&ord=REV&nil=NO&fmt=txt&ano=2024&mes=08&day=30&hora=0&anof=2024&mesf=09&dayf=06&horaf=0&send=send,data\raw\ground_ogimet\ogimet_synop_Bang_2024083000_2024090600_UTC.txt,failed,,,OGIMET request failed after 4 attempts.
193,209,2024-09-06T00:00:00+00:00,2024-09-13T00:00:00+00:00,Bang,https://www.ogimet.com/display_synopsc2.php?lang=en&estado=Bang&tipo=SI&ord=REV&nil=NO&fmt=txt&ano=2024&mes=09&day=06&hora=0&anof=2024&mesf=09&dayf=13&horaf=0&send=send,data\raw\ground_ogimet\ogimet_synop_Bang_2024090600_2024091300_UTC.txt,failed,,,OGIMET request failed after 4 attempts.
194,209,2024-09-13T00:00:00+00:00,2024-09-20T00:00:00+00:00,Bang,https://www.ogimet.com/display_synopsc2.php?lang=en&estado=Bang&tipo=SI&ord=REV&nil=NO&fmt=txt&ano=2024&mes=09&day=13&hora=0&anof=2024&mesf=09&dayf=20&horaf=0&send=send,data\raw\ground_ogimet\ogimet_synop_Bang_2024091300_2024092000_UTC.txt,failed,,,OGIMET request failed after 4 attempts.
195,209,2024-09-20T00:00:00+00:00,2024-09-27T00:00:00+00:00,Bang,https://www.ogimet.com/display_synopsc2.php?lang=en&estado=Bang&tipo=SI&ord=REV&nil=NO&fmt=txt&ano=2024&mes=09&day=20&hora=0&anof=2024&mesf=09&dayf=27&horaf=0&send=send,data\raw\ground_ogimet\ogimet_synop_Bang_2024092000_2024092700_UTC.txt,failed,,,OGIMET request failed after 4 attempts.
196,209,2024-09-27T00:00:00+00:00,2024-10-04T00:00:00+00:00,Bang,https://www.ogimet.com/display_synopsc2.php?lang=en&estado=Bang&tipo=SI&ord=REV&nil=NO&fmt=txt&ano=2024&mes=09&day=27&hora=0&anof=2024&mesf=10&dayf=04&horaf=0&send=send,data\raw\ground_ogimet\ogimet_synop_Bang_2024092700_2024100400_UTC.txt,failed,,,OGIMET request failed after 4 attempts.
197,209,2024-10-04T00:00:00+00:00,2024-10-11T00:00:00+00:00,Bang,https://www.ogimet.com/display_synopsc2.php?lang=en&estado=Bang&tipo=SI&ord=REV&nil=NO&fmt=txt&ano=2024&mes=10&day=04&hora=0&anof=2024&mesf=10&dayf=11&horaf=0&send=send,data\raw\ground_ogimet\ogimet_synop_Bang_2024100400_2024101100_UTC.txt,failed,,,OGIMET request failed after 4 attempts.
198,209,2024-10-11T00:00:00+00:00,2024-10-18T00:00:00+00:00,Bang,https://www.ogimet.com/display_synopsc2.php?lang=en&estado=Bang&tipo=SI&ord=REV&nil=NO&fmt=txt&ano=2024&mes=10&day=11&hora=0&anof=2024&mesf=10&dayf=18&horaf=0&send=send,data\raw\ground_ogimet\ogimet_synop_Bang_2024101100_2024101800_UTC.txt,failed,,,OGIMET request failed after 4 attempts.
199,209,2024-10-18T00:00:00+00:00,2024-10-25T00:00:00+00:00,Bang,https://www.ogimet.com/display_synopsc2.php?lang=en&estado=Bang&tipo=SI&ord=REV&nil=NO&fmt=txt&ano=2024&mes=10&day=18&hora=0&anof=2024&mesf=10&dayf=25&horaf=0&send=send,data\raw\ground_ogimet\ogimet_synop_Bang_2024101800_2024102500_UTC.txt,failed,,,OGIMET request failed after 4 attempts.
200,209,2024-10-25T00:00:00+00:00,2024-11-01T00:00:00+00:00,Bang,https://www.ogimet.com/display_synopsc2.php?lang=en&estado=Bang&tipo=SI&ord=REV&nil=NO&fmt=txt&ano=2024&mes=10&day=25&hora=0&anof=2024&mesf=11&dayf=01&horaf=0&send=send,data\raw\ground_ogimet\ogimet_synop_Bang_2024102500_2024110100_UTC.txt,failed,,,OGIMET request failed after 4 attempts.
201,209,2024-11-01T00:00:00+00:00,2024-11-08T00:00:00+00:00,Bang,https://www.ogimet.com/display_synopsc2.php?lang=en&estado=Bang&tipo=SI&ord=REV&nil=NO&fmt=txt&ano=2024&mes=11&day=01&hora=0&anof=2024&mesf=11&dayf=08&horaf=0&send=send,data\raw\ground_ogimet\ogimet_synop_Bang_2024110100_2024110800_UTC.txt,failed,,,OGIMET request failed after 4 attempts.
202,209,2024-11-08T00:00:00+00:00,2024-11-15T00:00:00+00:00,Bang,https://www.ogimet.com/display_synopsc2.php?lang=en&estado=Bang&tipo=SI&ord=REV&nil=NO&fmt=txt&ano=2024&mes=11&day=08&hora=0&anof=2024&mesf=11&dayf=15&horaf=0&send=send,data\raw\ground_ogimet\ogimet_synop_Bang_2024110800_2024111500_UTC.txt,failed,,,OGIMET request failed after 4 attempts.
203,209,2024-11-15T00:00:00+00:00,2024-11-22T00:00:00+00:00,Bang,https://www.ogimet.com/display_synopsc2.php?lang=en&estado=Bang&tipo=SI&ord=REV&nil=NO&fmt=txt&ano=2024&mes=11&day=15&hora=0&anof=2024&mesf=11&dayf=22&horaf=0&send=send,data\raw\ground_ogimet\ogimet_synop_Bang_2024111500_2024112200_UTC.txt,failed,,,OGIMET request failed after 4 attempts.
204,209,2024-11-22T00:00:00+00:00,2024-11-29T00:00:00+00:00,Bang,https://www.ogimet.com/display_synopsc2.php?lang=en&estado=Bang&tipo=SI&ord=REV&nil=NO&fmt=txt&ano=2024&mes=11&day=22&hora=0&anof=2024&mesf=11&dayf=29&horaf=0&send=send,data\raw\ground_ogimet\ogimet_synop_Bang_2024112200_2024112900_UTC.txt,failed,,,OGIMET request failed after 4 attempts.
205,209,2024-11-29T00:00:00+00:00,2024-12-06T00:00:00+00:00,Bang,https://www.ogimet.com/display_synopsc2.php?lang=en&estado=Bang&tipo=SI&ord=REV&nil=NO&fmt=txt&ano=2024&mes=11&day=29&hora=0&anof=2024&mesf=12&dayf=06&horaf=0&send=send,data\raw\ground_ogimet\ogimet_synop_Bang_2024112900_2024120600_UTC.txt,failed,,,OGIMET request failed after 4 attempts.
206,209,2024-12-06T00:00:00+00:00,2024-12-13T00:00:00+00:00,Bang,https://www.ogimet.com/display_synopsc2.php?lang=en&estado=Bang&tipo=SI&ord=REV&nil=NO&fmt=txt&ano=2024&mes=12&day=06&hora=0&anof=2024&mesf=12&dayf=13&horaf=0&send=send,data\raw\ground_ogimet\ogimet_synop_Bang_2024120600_2024121300_UTC.txt,failed,,,OGIMET request failed after 4 attempts.
207,209,2024-12-13T00:00:00+00:00,2024-12-20T00:00:00+00:00,Bang,https://www.ogimet.com/display_synopsc2.php?lang=en&estado=Bang&tipo=SI&ord=REV&nil=NO&fmt=txt&ano=2024&mes=12&day=13&hora=0&anof=2024&mesf=12&dayf=20&horaf=0&send=send,data\raw\ground_ogimet\ogimet_synop_Bang_2024121300_2024122000_UTC.txt,failed,,,OGIMET request failed after 4 attempts.
208,209,2024-12-20T00:00:00+00:00,2024-12-27T00:00:00+00:00,Bang,https://www.ogimet.com/display_synopsc2.php?lang=en&estado=Bang&tipo=SI&ord=REV&nil=NO&fmt=txt&ano=2024&mes=12&day=20&hora=0&anof=2024&mesf=12&dayf=27&horaf=0&send=send,data\raw\ground_ogimet\ogimet_synop_Bang_2024122000_2024122700_UTC.txt,failed,,,OGIMET request failed after 4 attempts.
209,209,2024-12-27T00:00:00+00:00,2024-12-31T23:00:00+00:00,Bang,https://www.ogimet.com/display_synopsc2.php?lang=en&estado=Bang&tipo=SI&ord=REV&nil=NO&fmt=txt&ano=2024&mes=12&day=27&hora=0&anof=2024&mesf=12&dayf=31&horaf=23&send=send,data\raw\ground_ogimet\ogimet_synop_Bang_2024122700_2024123123_UTC.txt,failed,,,OGIMET request failed after 4 attempts.
