chunk_index,chunks_total,begin_utc,end_utc,state,request_url,output_file,status,synop_rows,bytes,message
1,209,2021-01-01T00:00:00+00:00,2021-01-07T23:59:00+00:00,Bang,https://www.ogimet.com/cgi-bin/getsynop?begin=202101010000&end=202101072359&state=Bang&lang=eng&header=yes,data\raw\ground_ogimet\ogimet_getsynop_Bang_202101010000_202101072359.csv,skipped_existing,2347,236523,
2,209,2021-01-08T00:00:00+00:00,2021-01-14T23:59:00+00:00,Bang,https://www.ogimet.com/cgi-bin/getsynop?begin=202101080000&end=202101142359&state=Bang&lang=eng&header=yes,data\raw\ground_ogimet\ogimet_getsynop_Bang_202101080000_202101142359.csv,skipped_existing,2343,240461,
3,209,2021-01-15T00:00:00+00:00,2021-01-21T23:59:00+00:00,Bang,https://www.ogimet.com/cgi-bin/getsynop?begin=202101150000&end=202101212359&state=Bang&lang=eng&header=yes,data\raw\ground_ogimet\ogimet_getsynop_Bang_202101150000_202101212359.csv,downloaded,2077,216871,
4,209,2021-01-22T00:00:00+00:00,2021-01-28T23:59:00+00:00,Bang,https://www.ogimet.com/cgi-bin/getsynop?begin=202101220000&end=202101282359&state=Bang&lang=eng&header=yes,data\raw\ground_ogimet\ogimet_getsynop_Bang_202101220000_202101282359.csv,downloaded,1751,179952,
5,209,2021-01-29T00:00:00+00:00,2021-02-04T23:59:00+00:00,Bang,https://www.ogimet.com/cgi-bin/getsynop?begin=202101290000&end=202102042359&state=Bang&lang=eng&header=yes,data\raw\ground_ogimet\ogimet_getsynop_Bang_202101290000_202102042359.csv,downloaded,1768,179880,
6,209,2021-02-05T00:00:00+00:00,2021-02-11T23:59:00+00:00,Bang,https://www.ogimet.com/cgi-bin/getsynop?begin=202102050000&end=202102112359&state=Bang&lang=eng&header=yes,data\raw\ground_ogimet\ogimet_getsynop_Bang_202102050000_202102112359.csv,downloaded,1741,176311,
7,209,2021-02-12T00:00:00+00:00,2021-02-18T23:59:00+00:00,Bang,https://www.ogimet.com/cgi-bin/getsynop?begin=202102120000&end=202102182359&state=Bang&lang=eng&header=yes,data\raw\ground_ogimet\ogimet_getsynop_Bang_202102120000_202102182359.csv,downloaded,1772,180397,
8,209,2021-02-19T00:00:00+00:00,2021-02-25T23:59:00+00:00,Bang,https://www.ogimet.com/cgi-bin/getsynop?begin=202102190000&end=202102252359&state=Bang&lang=eng&header=yes,data\raw\ground_ogimet\ogimet_getsynop_Bang_202102190000_202102252359.csv,downloaded,2061,213278,
9,209,2021-02-26T00:00:00+00:00,2021-03-04T23:59:00+00:00,Bang,https://www.ogimet.com/cgi-bin/getsynop?begin=202102260000&end=202103042359&state=Bang&lang=eng&header=yes,data\raw\ground_ogimet\ogimet_getsynop_Bang_202102260000_202103042359.csv,downloaded,2044,211022,
10,209,2021-03-05T00:00:00+00:00,2021-03-11T23:59:00+00:00,Bang,https://www.ogimet.com/cgi-bin/getsynop?begin=202103050000&end=202103112359&state=Bang&lang=eng&header=yes,data\raw\ground_ogimet\ogimet_getsynop_Bang_202103050000_202103112359.csv,downloaded,1724,185185,
11,209,2021-03-12T00:00:00+00:00,2021-03-18T23:59:00+00:00,Bang,https://www.ogimet.com/cgi-bin/getsynop?begin=202103120000&end=202103182359&state=Bang&lang=eng&header=yes,data\raw\ground_ogimet\ogimet_getsynop_Bang_202103120000_202103182359.csv,downloaded,1741,177179,
12,209,2021-03-19T00:00:00+00:00,2021-03-25T23:59:00+00:00,Bang,https://www.ogimet.com/cgi-bin/getsynop?begin=202103190000&end=202103252359&state=Bang&lang=eng&header=yes,data\raw\ground_ogimet\ogimet_getsynop_Bang_202103190000_202103252359.csv,downloaded,1687,174873,
13,209,2021-03-26T00:00:00+00:00,2021-04-01T23:59:00+00:00,Bang,https://www.ogimet.com/cgi-bin/getsynop?begin=202103260000&end=202104012359&state=Bang&lang=eng&header=yes,data\raw\ground_ogimet\ogimet_getsynop_Bang_202103260000_202104012359.csv,downloaded,1711,183975,
14,209,2021-04-02T00:00:00+00:00,2021-04-08T23:59:00+00:00,Bang,https://www.ogimet.com/cgi-bin/getsynop?begin=202104020000&end=202104082359&state=Bang&lang=eng&header=yes,data\raw\ground_ogimet\ogimet_getsynop_Bang_202104020000_202104082359.csv,downloaded,1621,169240,
15,209,2021-04-09T00:00:00+00:00,2021-04-15T23:59:00+00:00,Bang,https://www.ogimet.com/cgi-bin/getsynop?begin=202104090000&end=202104152359&state=Bang&lang=eng&header=yes,data\raw\ground_ogimet\ogimet_getsynop_Bang_202104090000_202104152359.csv,downloaded,1594,169650,
16,209,2021-04-16T00:00:00+00:00,2021-04-22T23:59:00+00:00,Bang,https://www.ogimet.com/cgi-bin/getsynop?begin=202104160000&end=202104222359&state=Bang&lang=eng&header=yes,data\raw\ground_ogimet\ogimet_getsynop_Bang_202104160000_202104222359.csv,skipped_existing,1635,173575,
17,209,2021-04-23T00:00:00+00:00,2021-04-29T23:59:00+00:00,Bang,https://www.ogimet.com/cgi-bin/getsynop?begin=202104230000&end=202104292359&state=Bang&lang=eng&header=yes,data\raw\ground_ogimet\ogimet_getsynop_Bang_202104230000_202104292359.csv,downloaded,1593,164537,
18,209,2021-04-30T00:00:00+00:00,2021-05-06T23:59:00+00:00,Bang,https://www.ogimet.com/cgi-bin/getsynop?begin=202104300000&end=202105062359&state=Bang&lang=eng&header=yes,data\raw\ground_ogimet\ogimet_getsynop_Bang_202104300000_202105062359.csv,downloaded,1641,180721,
19,209,2021-05-07T00:00:00+00:00,2021-05-13T23:59:00+00:00,Bang,https://www.ogimet.com/cgi-bin/getsynop?begin=202105070000&end=202105132359&state=Bang&lang=eng&header=yes,data\raw\ground_ogimet\ogimet_getsynop_Bang_202105070000_202105132359.csv,downloaded,1621,182347,
20,209,2021-05-14T00:00:00+00:00,2021-05-20T23:59:00+00:00,Bang,https://www.ogimet.com/cgi-bin/getsynop?begin=202105140000&end=202105202359&state=Bang&lang=eng&header=yes,data\raw\ground_ogimet\ogimet_getsynop_Bang_202105140000_202105202359.csv,downloaded,1675,185156,
21,209,2021-05-21T00:00:00+00:00,2021-05-27T23:59:00+00:00,Bang,https://www.ogimet.com/cgi-bin/getsynop?begin=202105210000&end=202105272359&state=Bang&lang=eng&header=yes,data\raw\ground_ogimet\ogimet_getsynop_Bang_202105210000_202105272359.csv,downloaded,1224,140517,
22,209,2021-05-28T00:00:00+00:00,2021-06-03T23:59:00+00:00,Bang,https://www.ogimet.com/cgi-bin/getsynop?begin=202105280000&end=202106032359&state=Bang&lang=eng&header=yes,data\raw\ground_ogimet\ogimet_getsynop_Bang_202105280000_202106032359.csv,downloaded,1436,163569,
23,209,2021-06-04T00:00:00+00:00,2021-06-10T23:59:00+00:00,Bang,https://www.ogimet.com/cgi-bin/getsynop?begin=202106040000&end=202106102359&state=Bang&lang=eng&header=yes,data\raw\ground_ogimet\ogimet_getsynop_Bang_202106040000_202106102359.csv,downloaded,1618,190857,
24,209,2021-06-11T00:00:00+00:00,2021-06-17T23:59:00+00:00,Bang,https://www.ogimet.com/cgi-bin/getsynop?begin=202106110000&end=202106172359&state=Bang&lang=eng&header=yes,data\raw\ground_ogimet\ogimet_getsynop_Bang_202106110000_202106172359.csv,skipped_existing,1708,204254,
25,209,2021-06-18T00:00:00+00:00,2021-06-24T23:59:00+00:00,Bang,https://www.ogimet.com/cgi-bin/getsynop?begin=202106180000&end=202106242359&state=Bang&lang=eng&header=yes,data\raw\ground_ogimet\ogimet_getsynop_Bang_202106180000_202106242359.csv,downloaded,1710,203023,
26,209,2021-06-25T00:00:00+00:00,2021-07-01T23:59:00+00:00,Bang,https://www.ogimet.com/cgi-bin/getsynop?begin=202106250000&end=202107012359&state=Bang&lang=eng&header=yes,data\raw\ground_ogimet\ogimet_getsynop_Bang_202106250000_202107012359.csv,downloaded,1728,204849,
27,209,2021-07-02T00:00:00+00:00,2021-07-08T23:59:00+00:00,Bang,https://www.ogimet.com/cgi-bin/getsynop?begin=202107020000&end=202107082359&state=Bang&lang=eng&header=yes,data\raw\ground_ogimet\ogimet_getsynop_Bang_202107020000_202107082359.csv,downloaded,1714,201842,
28,209,2021-07-09T00:00:00+00:00,2021-07-15T23:59:00+00:00,Bang,https://www.ogimet.com/cgi-bin/getsynop?begin=202107090000&end=202107152359&state=Bang&lang=eng&header=yes,data\raw\ground_ogimet\ogimet_getsynop_Bang_202107090000_202107152359.csv,downloaded,1714,196785,
29,209,2021-07-16T00:00:00+00:00,2021-07-22T23:59:00+00:00,Bang,https://www.ogimet.com/cgi-bin/getsynop?begin=202107160000&end=202107222359&state=Bang&lang=eng&header=yes,data\raw\ground_ogimet\ogimet_getsynop_Bang_202107160000_202107222359.csv,downloaded,1678,197648,
30,209,2021-07-23T00:00:00+00:00,2021-07-29T23:59:00+00:00,Bang,https://www.ogimet.com/cgi-bin/getsynop?begin=202107230000&end=202107292359&state=Bang&lang=eng&header=yes,data\raw\ground_ogimet\ogimet_getsynop_Bang_202107230000_202107292359.csv,downloaded,1682,201775,
31,209,2021-07-30T00:00:00+00:00,2021-08-05T23:59:00+00:00,Bang,https://www.ogimet.com/cgi-bin/getsynop?begin=202107300000&end=202108052359&state=Bang&lang=eng&header=yes,data\raw\ground_ogimet\ogimet_getsynop_Bang_202107300000_202108052359.csv,downloaded,1664,197254,
32,209,2021-08-06T00:00:00+00:00,2021-08-12T23:59:00+00:00,Bang,https://www.ogimet.com/cgi-bin/getsynop?begin=202108060000&end=202108122359&state=Bang&lang=eng&header=yes,data\raw\ground_ogimet\ogimet_getsynop_Bang_202108060000_202108122359.csv,downloaded,1443,171499,
33,209,2021-08-13T00:00:00+00:00,2021-08-19T23:59:00+00:00,Bang,https://www.ogimet.com/cgi-bin/getsynop?begin=202108130000&end=202108192359&state=Bang&lang=eng&header=yes,data\raw\ground_ogimet\ogimet_getsynop_Bang_202108130000_202108192359.csv,downloaded,1681,200700,
34,209,2021-08-20T00:00:00+00:00,2021-08-26T23:59:00+00:00,Bang,https://www.ogimet.com/cgi-bin/getsynop?begin=202108200000&end=202108262359&state=Bang&lang=eng&header=yes,data\raw\ground_ogimet\ogimet_getsynop_Bang_202108200000_202108262359.csv,downloaded,1724,203345,
35,209,2021-08-27T00:00:00+00:00,2021-09-02T23:59:00+00:00,Bang,https://www.ogimet.com/cgi-bin/getsynop?begin=202108270000&end=202109022359&state=Bang&lang=eng&header=yes,data\raw\ground_ogimet\ogimet_getsynop_Bang_202108270000_202109022359.csv,downloaded,1649,191118,
36,209,2021-09-03T00:00:00+00:00,2021-09-09T23:59:00+00:00,Bang,https://www.ogimet.com/cgi-bin/getsynop?begin=202109030000&end=202109092359&state=Bang&lang=eng&header=yes,data\raw\ground_ogimet\ogimet_getsynop_Bang_202109030000_202109092359.csv,downloaded,1606,183255,
37,209,2021-09-10T00:00:00+00:00,2021-09-16T23:59:00+00:00,Bang,https://www.ogimet.com/cgi-bin/getsynop?begin=202109100000&end=202109162359&state=Bang&lang=eng&header=yes,data\raw\ground_ogimet\ogimet_getsynop_Bang_202109100000_202109162359.csv,downloaded,1597,184382,
38,209,2021-09-17T00:00:00+00:00,2021-09-23T23:59:00+00:00,Bang,https://www.ogimet.com/cgi-bin/getsynop?begin=202109170000&end=202109232359&state=Bang&lang=eng&header=yes,data\raw\ground_ogimet\ogimet_getsynop_Bang_202109170000_202109232359.csv,downloaded,1572,182244,
39,209,2021-09-24T00:00:00+00:00,2021-09-30T23:59:00+00:00,Bang,https://www.ogimet.com/cgi-bin/getsynop?begin=202109240000&end=202109302359&state=Bang&lang=eng&header=yes,data\raw\ground_ogimet\ogimet_getsynop_Bang_202109240000_202109302359.csv,downloaded,1693,194167,
40,209,2021-10-01T00:00:00+00:00,2021-10-07T23:59:00+00:00,Bang,https://www.ogimet.com/cgi-bin/getsynop?begin=202110010000&end=202110072359&state=Bang&lang=eng&header=yes,data\raw\ground_ogimet\ogimet_getsynop_Bang_202110010000_202110072359.csv,downloaded,1682,191095,
41,209,2021-10-08T00:00:00+00:00,2021-10-14T23:59:00+00:00,Bang,https://www.ogimet.com/cgi-bin/getsynop?begin=202110080000&end=202110142359&state=Bang&lang=eng&header=yes,data\raw\ground_ogimet\ogimet_getsynop_Bang_202110080000_202110142359.csv,downloaded,1624,177032,
42,209,2021-10-15T00:00:00+00:00,2021-10-21T23:59:00+00:00,Bang,https://www.ogimet.com/cgi-bin/getsynop?begin=202110150000&end=202110212359&state=Bang&lang=eng&header=yes,data\raw\ground_ogimet\ogimet_getsynop_Bang_202110150000_202110212359.csv,downloaded,1586,185442,
43,209,2021-10-22T00:00:00+00:00,2021-10-28T23:59:00+00:00,Bang,https://www.ogimet.com/cgi-bin/getsynop?begin=202110220000&end=202110282359&state=Bang&lang=eng&header=yes,data\raw\ground_ogimet\ogimet_getsynop_Bang_202110220000_202110282359.csv,downloaded,1596,172457,
44,209,2021-10-29T00:00:00+00:00,2021-11-04T23:59:00+00:00,Bang,https://www.ogimet.com/cgi-bin/getsynop?begin=202110290000&end=202111042359&state=Bang&lang=eng&header=yes,data\raw\ground_ogimet\ogimet_getsynop_Bang_202110290000_202111042359.csv,downloaded,1625,169258,
45,209,2021-11-05T00:00:00+00:00,2021-11-11T23:59:00+00:00,Bang,https://www.ogimet.com/cgi-bin/getsynop?begin=202111050000&end=202111112359&state=Bang&lang=eng&header=yes,data\raw\ground_ogimet\ogimet_getsynop_Bang_202111050000_202111112359.csv,downloaded,1573,160617,
46,209,2021-11-12T00:00:00+00:00,2021-11-18T23:59:00+00:00,Bang,https://www.ogimet.com/cgi-bin/getsynop?begin=202111120000&end=202111182359&state=Bang&lang=eng&header=yes,data\raw\ground_ogimet\ogimet_getsynop_Bang_202111120000_202111182359.csv,downloaded,1680,185329,
47,209,2021-11-19T00:00:00+00:00,2021-11-25T23:59:00+00:00,Bang,https://www.ogimet.com/cgi-bin/getsynop?begin=202111190000&end=202111252359&state=Bang&lang=eng&header=yes,data\raw\ground_ogimet\ogimet_getsynop_Bang_202111190000_202111252359.csv,downloaded,1589,162927,
48,209,2021-11-26T00:00:00+00:00,2021-12-02T23:59:00+00:00,Bang,https://www.ogimet.com/cgi-bin/getsynop?begin=202111260000&end=202112022359&state=Bang&lang=eng&header=yes,data\raw\ground_ogimet\ogimet_getsynop_Bang_202111260000_202112022359.csv,downloaded,1736,175009,
49,209,2021-12-03T00:00:00+00:00,2021-12-09T23:59:00+00:00,Bang,https://www.ogimet.com/cgi-bin/getsynop?begin=202112030000&end=202112092359&state=Bang&lang=eng&header=yes,data\raw\ground_ogimet\ogimet_getsynop_Bang_202112030000_202112092359.csv,downloaded,1714,199509,
50,209,2021-12-10T00:00:00+00:00,2021-12-16T23:59:00+00:00,Bang,https://www.ogimet.com/cgi-bin/getsynop?begin=202112100000&end=202112162359&state=Bang&lang=eng&header=yes,data\raw\ground_ogimet\ogimet_getsynop_Bang_202112100000_202112162359.csv,downloaded,1687,173573,
51,209,2021-12-17T00:00:00+00:00,2021-12-23T23:59:00+00:00,Bang,https://www.ogimet.com/cgi-bin/getsynop?begin=202112170000&end=202112232359&state=Bang&lang=eng&header=yes,data\raw\ground_ogimet\ogimet_getsynop_Bang_202112170000_202112232359.csv,downloaded,1674,173485,
52,209,2021-12-24T00:00:00+00:00,2021-12-30T23:59:00+00:00,Bang,https://www.ogimet.com/cgi-bin/getsynop?begin=202112240000&end=202112302359&state=Bang&lang=eng&header=yes,data\raw\ground_ogimet\ogimet_getsynop_Bang_202112240000_202112302359.csv,downloaded,1649,171736,
53,209,2021-12-31T00:00:00+00:00,2022-01-06T23:59:00+00:00,Bang,https://www.ogimet.com/cgi-bin/getsynop?begin=202112310000&end=202201062359&state=Bang&lang=eng&header=yes,data\raw\ground_ogimet\ogimet_getsynop_Bang_202112310000_202201062359.csv,downloaded,1659,168991,
54,209,2022-01-07T00:00:00+00:00,2022-01-13T23:59:00+00:00,Bang,https://www.ogimet.com/cgi-bin/getsynop?begin=202201070000&end=202201132359&state=Bang&lang=eng&header=yes,data\raw\ground_ogimet\ogimet_getsynop_Bang_202201070000_202201132359.csv,downloaded,1661,178160,
55,209,2022-01-14T00:00:00+00:00,2022-01-20T23:59:00+00:00,Bang,https://www.ogimet.com/cgi-bin/getsynop?begin=202201140000&end=202201202359&state=Bang&lang=eng&header=yes,data\raw\ground_ogimet\ogimet_getsynop_Bang_202201140000_202201202359.csv,downloaded,1716,184172,
56,209,2022-01-21T00:00:00+00:00,2022-01-27T23:59:00+00:00,Bang,https://www.ogimet.com/cgi-bin/getsynop?begin=202201210000&end=202201272359&state=Bang&lang=eng&header=yes,data\raw\ground_ogimet\ogimet_getsynop_Bang_202201210000_202201272359.csv,downloaded,1751,197046,
57,209,2022-01-28T00:00:00+00:00,2022-02-03T23:59:00+00:00,Bang,https://www.ogimet.com/cgi-bin/getsynop?begin=202201280000&end=202202032359&state=Bang&lang=eng&header=yes,data\raw\ground_ogimet\ogimet_getsynop_Bang_202201280000_202202032359.csv,downloaded,1687,176537,
58,209,2022-02-04T00:00:00+00:00,2022-02-10T23:59:00+00:00,Bang,https://www.ogimet.com/cgi-bin/getsynop?begin=202202040000&end=202202102359&state=Bang&lang=eng&header=yes,data\raw\ground_ogimet\ogimet_getsynop_Bang_202202040000_202202102359.csv,downloaded,1674,180325,
59,209,2022-02-11T00:00:00+00:00,2022-02-17T23:59:00+00:00,Bang,https://www.ogimet.com/cgi-bin/getsynop?begin=202202110000&end=202202172359&state=Bang&lang=eng&header=yes,data\raw\ground_ogimet\ogimet_getsynop_Bang_202202110000_202202172359.csv,skipped_existing,1687,170626,
60,209,2022-02-18T00:00:00+00:00,2022-02-24T23:59:00+00:00,Bang,https://www.ogimet.com/cgi-bin/getsynop?begin=202202180000&end=202202242359&state=Bang&lang=eng&header=yes,data\raw\ground_ogimet\ogimet_getsynop_Bang_202202180000_202202242359.csv,downloaded,1593,166204,
61,209,2022-02-25T00:00:00+00:00,2022-03-03T23:59:00+00:00,Bang,https://www.ogimet.com/cgi-bin/getsynop?begin=202202250000&end=202203032359&state=Bang&lang=eng&header=yes,data\raw\ground_ogimet\ogimet_getsynop_Bang_202202250000_202203032359.csv,downloaded,1662,168652,
62,209,2022-03-04T00:00:00+00:00,2022-03-10T23:59:00+00:00,Bang,https://www.ogimet.com/cgi-bin/getsynop?begin=202203040000&end=202203102359&state=Bang&lang=eng&header=yes,data\raw\ground_ogimet\ogimet_getsynop_Bang_202203040000_202203102359.csv,downloaded,1556,155421,
63,209,2022-03-11T00:00:00+00:00,2022-03-17T23:59:00+00:00,Bang,https://www.ogimet.com/cgi-bin/getsynop?begin=202203110000&end=202203172359&state=Bang&lang=eng&header=yes,data\raw\ground_ogimet\ogimet_getsynop_Bang_202203110000_202203172359.csv,downloaded,1594,159713,
64,209,2022-03-18T00:00:00+00:00,2022-03-24T23:59:00+00:00,Bang,https://www.ogimet.com/cgi-bin/getsynop?begin=202203180000&end=202203242359&state=Bang&lang=eng&header=yes,data\raw\ground_ogimet\ogimet_getsynop_Bang_202203180000_202203242359.csv,downloaded,1694,171738,
65,209,2022-03-25T00:00:00+00:00,2022-03-31T23:59:00+00:00,Bang,https://www.ogimet.com/cgi-bin/getsynop?begin=202203250000&end=202203312359&state=Bang&lang=eng&header=yes,data\raw\ground_ogimet\ogimet_getsynop_Bang_202203250000_202203312359.csv,downloaded,1630,181832,
66,209,2022-04-01T00:00:00+00:00,2022-04-07T23:59:00+00:00,Bang,https://www.ogimet.com/cgi-bin/getsynop?begin=202204010000&end=202204072359&state=Bang&lang=eng&header=yes,data\raw\ground_ogimet\ogimet_getsynop_Bang_202204010000_202204072359.csv,downloaded,1418,156211,
67,209,2022-04-08T00:00:00+00:00,2022-04-14T23:59:00+00:00,Bang,https://www.ogimet.com/cgi-bin/getsynop?begin=202204080000&end=202204142359&state=Bang&lang=eng&header=yes,data\raw\ground_ogimet\ogimet_getsynop_Bang_202204080000_202204142359.csv,downloaded,1548,172458,
68,209,2022-04-15T00:00:00+00:00,2022-04-21T23:59:00+00:00,Bang,https://www.ogimet.com/cgi-bin/getsynop?begin=202204150000&end=202204212359&state=Bang&lang=eng&header=yes,data\raw\ground_ogimet\ogimet_getsynop_Bang_202204150000_202204212359.csv,downloaded,1543,170724,
69,209,2022-04-22T00:00:00+00:00,2022-04-28T23:59:00+00:00,Bang,https://www.ogimet.com/cgi-bin/getsynop?begin=202204220000&end=202204282359&state=Bang&lang=eng&header=yes,data\raw\ground_ogimet\ogimet_getsynop_Bang_202204220000_202204282359.csv,downloaded,1678,182029,
70,209,2022-04-29T00:00:00+00:00,2022-05-05T23:59:00+00:00,Bang,https://www.ogimet.com/cgi-bin/getsynop?begin=202204290000&end=202205052359&state=Bang&lang=eng&header=yes,data\raw\ground_ogimet\ogimet_getsynop_Bang_202204290000_202205052359.csv,downloaded,1532,172141,
71,209,2022-05-06T00:00:00+00:00,2022-05-12T23:59:00+00:00,Bang,https://www.ogimet.com/cgi-bin/getsynop?begin=202205060000&end=202205122359&state=Bang&lang=eng&header=yes,data\raw\ground_ogimet\ogimet_getsynop_Bang_202205060000_202205122359.csv,downloaded,1733,199042,
72,209,2022-05-13T00:00:00+00:00,2022-05-19T23:59:00+00:00,Bang,https://www.ogimet.com/cgi-bin/getsynop?begin=202205130000&end=202205192359&state=Bang&lang=eng&header=yes,data\raw\ground_ogimet\ogimet_getsynop_Bang_202205130000_202205192359.csv,skipped_existing,1650,189622,
73,209,2022-05-20T00:00:00+00:00,2022-05-26T23:59:00+00:00,Bang,https://www.ogimet.com/cgi-bin/getsynop?begin=202205200000&end=202205262359&state=Bang&lang=eng&header=yes,data\raw\ground_ogimet\ogimet_getsynop_Bang_202205200000_202205262359.csv,downloaded,1663,187654,
74,209,2022-05-27T00:00:00+00:00,2022-06-02T23:59:00+00:00,Bang,https://www.ogimet.com/cgi-bin/getsynop?begin=202205270000&end=202206022359&state=Bang&lang=eng&header=yes,data\raw\ground_ogimet\ogimet_getsynop_Bang_202205270000_202206022359.csv,downloaded,1687,193826,
75,209,2022-06-03T00:00:00+00:00,2022-06-09T23:59:00+00:00,Bang,https://www.ogimet.com/cgi-bin/getsynop?begin=202206030000&end=202206092359&state=Bang&lang=eng&header=yes,data\raw\ground_ogimet\ogimet_getsynop_Bang_202206030000_202206092359.csv,downloaded,1438,165590,
76,209,2022-06-10T00:00:00+00:00,2022-06-16T23:59:00+00:00,Bang,https://www.ogimet.com/cgi-bin/getsynop?begin=202206100000&end=202206162359&state=Bang&lang=eng&header=yes,data\raw\ground_ogimet\ogimet_getsynop_Bang_202206100000_202206162359.csv,downloaded,1703,197200,
77,209,2022-06-17T00:00:00+00:00,2022-06-23T23:59:00+00:00,Bang,https://www.ogimet.com/cgi-bin/getsynop?begin=202206170000&end=202206232359&state=Bang&lang=eng&header=yes,data\raw\ground_ogimet\ogimet_getsynop_Bang_202206170000_202206232359.csv,downloaded,1593,190285,
78,209,2022-06-24T00:00:00+00:00,2022-06-30T23:59:00+00:00,Bang,https://www.ogimet.com/cgi-bin/getsynop?begin=202206240000&end=202206302359&state=Bang&lang=eng&header=yes,data\raw\ground_ogimet\ogimet_getsynop_Bang_202206240000_202206302359.csv,downloaded,1713,197437,
79,209,2022-07-01T00:00:00+00:00,2022-07-07T23:59:00+00:00,Bang,https://www.ogimet.com/cgi-bin/getsynop?begin=202207010000&end=202207072359&state=Bang&lang=eng&header=yes,data\raw\ground_ogimet\ogimet_getsynop_Bang_202207010000_202207072359.csv,downloaded,1676,192337,
80,209,2022-07-08T00:00:00+00:00,2022-07-14T23:59:00+00:00,Bang,https://www.ogimet.com/cgi-bin/getsynop?begin=202207080000&end=202207142359&state=Bang&lang=eng&header=yes,data\raw\ground_ogimet\ogimet_getsynop_Bang_202207080000_202207142359.csv,downloaded,1318,146886,
81,209,2022-07-15T00:00:00+00:00,2022-07-21T23:59:00+00:00,Bang,https://www.ogimet.com/cgi-bin/getsynop?begin=202207150000&end=202207212359&state=Bang&lang=eng&header=yes,data\raw\ground_ogimet\ogimet_getsynop_Bang_202207150000_202207212359.csv,downloaded,1495,170574,
82,209,2022-07-22T00:00:00+00:00,2022-07-28T23:59:00+00:00,Bang,https://www.ogimet.com/cgi-bin/getsynop?begin=202207220000&end=202207282359&state=Bang&lang=eng&header=yes,data\raw\ground_ogimet\ogimet_getsynop_Bang_202207220000_202207282359.csv,downloaded,1705,198913,
83,209,2022-07-29T00:00:00+00:00,2022-08-04T23:59:00+00:00,Bang,https://www.ogimet.com/cgi-bin/getsynop?begin=202207290000&end=202208042359&state=Bang&lang=eng&header=yes,data\raw\ground_ogimet\ogimet_getsynop_Bang_202207290000_202208042359.csv,downloaded,1563,180130,
84,209,2022-08-05T00:00:00+00:00,2022-08-11T23:59:00+00:00,Bang,https://www.ogimet.com/cgi-bin/getsynop?begin=202208050000&end=202208112359&state=Bang&lang=eng&header=yes,data\raw\ground_ogimet\ogimet_getsynop_Bang_202208050000_202208112359.csv,downloaded,1700,197929,
85,209,2022-08-12T00:00:00+00:00,2022-08-18T23:59:00+00:00,Bang,https://www.ogimet.com/cgi-bin/getsynop?begin=202208120000&end=202208182359&state=Bang&lang=eng&header=yes,data\raw\ground_ogimet\ogimet_getsynop_Bang_202208120000_202208182359.csv,downloaded,1616,185642,
86,209,2022-08-19T00:00:00+00:00,2022-08-25T23:59:00+00:00,Bang,https://www.ogimet.com/cgi-bin/getsynop?begin=202208190000&end=202208252359&state=Bang&lang=eng&header=yes,data\raw\ground_ogimet\ogimet_getsynop_Bang_202208190000_202208252359.csv,downloaded,1588,181565,
87,209,2022-08-26T00:00:00+00:00,2022-09-01T23:59:00+00:00,Bang,https://www.ogimet.com/cgi-bin/getsynop?begin=202208260000&end=202209012359&state=Bang&lang=eng&header=yes,data\raw\ground_ogimet\ogimet_getsynop_Bang_202208260000_202209012359.csv,downloaded,1689,192029,
88,209,2022-09-02T00:00:00+00:00,2022-09-08T23:59:00+00:00,Bang,https://www.ogimet.com/cgi-bin/getsynop?begin=202209020000&end=202209082359&state=Bang&lang=eng&header=yes,data\raw\ground_ogimet\ogimet_getsynop_Bang_202209020000_202209082359.csv,downloaded,1708,198597,
89,209,2022-09-09T00:00:00+00:00,2022-09-15T23:59:00+00:00,Bang,https://www.ogimet.com/cgi-bin/getsynop?begin=202209090000&end=202209152359&state=Bang&lang=eng&header=yes,data\raw\ground_ogimet\ogimet_getsynop_Bang_202209090000_202209152359.csv,downloaded,1431,170373,
90,209,2022-09-16T00:00:00+00:00,2022-09-22T23:59:00+00:00,Bang,https://www.ogimet.com/cgi-bin/getsynop?begin=202209160000&end=202209222359&state=Bang&lang=eng&header=yes,data\raw\ground_ogimet\ogimet_getsynop_Bang_202209160000_202209222359.csv,skipped_existing,1082,121302,
91,209,2022-09-23T00:00:00+00:00,2022-09-29T23:59:00+00:00,Bang,https://www.ogimet.com/cgi-bin/getsynop?begin=202209230000&end=202209292359&state=Bang&lang=eng&header=yes,data\raw\ground_ogimet\ogimet_getsynop_Bang_202209230000_202209292359.csv,downloaded,1645,185969,
92,209,2022-09-30T00:00:00+00:00,2022-10-06T23:59:00+00:00,Bang,https://www.ogimet.com/cgi-bin/getsynop?begin=202209300000&end=202210062359&state=Bang&lang=eng&header=yes,data\raw\ground_ogimet\ogimet_getsynop_Bang_202209300000_202210062359.csv,downloaded,1673,193167,
93,209,2022-10-07T00:00:00+00:00,2022-10-13T23:59:00+00:00,Bang,https://www.ogimet.com/cgi-bin/getsynop?begin=202210070000&end=202210132359&state=Bang&lang=eng&header=yes,data\raw\ground_ogimet\ogimet_getsynop_Bang_202210070000_202210132359.csv,downloaded,1624,182102,
94,209,2022-10-14T00:00:00+00:00,2022-10-20T23:59:00+00:00,Bang,https://www.ogimet.com/cgi-bin/getsynop?begin=202210140000&end=202210202359&state=Bang&lang=eng&header=yes,data\raw\ground_ogimet\ogimet_getsynop_Bang_202210140000_202210202359.csv,downloaded,1490,157661,
95,209,2022-10-21T00:00:00+00:00,2022-10-27T23:59:00+00:00,Bang,https://www.ogimet.com/cgi-bin/getsynop?begin=202210210000&end=202210272359&state=Bang&lang=eng&header=yes,data\raw\ground_ogimet\ogimet_getsynop_Bang_202210210000_202210272359.csv,downloaded,1892,202566,
96,209,2022-10-28T00:00:00+00:00,2022-11-03T23:59:00+00:00,Bang,https://www.ogimet.com/cgi-bin/getsynop?begin=202210280000&end=202211032359&state=Bang&lang=eng&header=yes,data\raw\ground_ogimet\ogimet_getsynop_Bang_202210280000_202211032359.csv,downloaded,2163,218752,
97,209,2022-11-04T00:00:00+00:00,2022-11-10T23:59:00+00:00,Bang,https://www.ogimet.com/cgi-bin/getsynop?begin=202211040000&end=202211102359&state=Bang&lang=eng&header=yes,data\raw\ground_ogimet\ogimet_getsynop_Bang_202211040000_202211102359.csv,downloaded,2122,213964,
98,209,2022-11-11T00:00:00+00:00,2022-11-17T23:59:00+00:00,Bang,https://www.ogimet.com/cgi-bin/getsynop?begin=202211110000&end=202211172359&state=Bang&lang=eng&header=yes,data\raw\ground_ogimet\ogimet_getsynop_Bang_202211110000_202211172359.csv,downloaded,1987,194720,
99,209,2022-11-18T00:00:00+00:00,2022-11-24T23:59:00+00:00,Bang,https://www.ogimet.com/cgi-bin/getsynop?begin=202211180000&end=202211242359&state=Bang&lang=eng&header=yes,data\raw\ground_ogimet\ogimet_getsynop_Bang_202211180000_202211242359.csv,downloaded,2109,211262,
100,209,2022-11-25T00:00:00+00:00,2022-12-01T23:59:00+00:00,Bang,https://www.ogimet.com/cgi-bin/getsynop?begin=202211250000&end=202212012359&state=Bang&lang=eng&header=yes,data\raw\ground_ogimet\ogimet_getsynop_Bang_202211250000_202212012359.csv,downloaded,2144,215807,
101,209,2022-12-02T00:00:00+00:00,2022-12-08T23:59:00+00:00,Bang,https://www.ogimet.com/cgi-bin/getsynop?begin=202212020000&end=202212082359&state=Bang&lang=eng&header=yes,data\raw\ground_ogimet\ogimet_getsynop_Bang_202212020000_202212082359.csv,downloaded,2134,209191,
102,209,2022-12-09T00:00:00+00:00,2022-12-15T23:59:00+00:00,Bang,https://www.ogimet.com/cgi-bin/getsynop?begin=202212090000&end=202212152359&state=Bang&lang=eng&header=yes,data\raw\ground_ogimet\ogimet_getsynop_Bang_202212090000_202212152359.csv,downloaded,2144,213185,
103,209,2022-12-16T00:00:00+00:00,2022-12-22T23:59:00+00:00,Bang,https://www.ogimet.com/cgi-bin/getsynop?begin=202212160000&end=202212222359&state=Bang&lang=eng&header=yes,data\raw\ground_ogimet\ogimet_getsynop_Bang_202212160000_202212222359.csv,downloaded,2129,208942,
104,209,2022-12-23T00:00:00+00:00,2022-12-29T23:59:00+00:00,Bang,https://www.ogimet.com/cgi-bin/getsynop?begin=202212230000&end=202212292359&state=Bang&lang=eng&header=yes,data\raw\ground_ogimet\ogimet_getsynop_Bang_202212230000_202212292359.csv,downloaded,2100,212976,
105,209,2022-12-30T00:00:00+00:00,2023-01-05T23:59:00+00:00,Bang,https://www.ogimet.com/cgi-bin/getsynop?begin=202212300000&end=202301052359&state=Bang&lang=eng&header=yes,data\raw\ground_ogimet\ogimet_getsynop_Bang_202212300000_202301052359.csv,downloaded,2107,212888,
106,209,2023-01-06T00:00:00+00:00,2023-01-12T23:59:00+00:00,Bang,https://www.ogimet.com/cgi-bin/getsynop?begin=202301060000&end=202301122359&state=Bang&lang=eng&header=yes,data\raw\ground_ogimet\ogimet_getsynop_Bang_202301060000_202301122359.csv,downloaded,2160,215379,
107,209,2023-01-13T00:00:00+00:00,2023-01-19T23:59:00+00:00,Bang,https://www.ogimet.com/cgi-bin/getsynop?begin=202301130000&end=202301192359&state=Bang&lang=eng&header=yes,data\raw\ground_ogimet\ogimet_getsynop_Bang_202301130000_202301192359.csv,downloaded,2145,215622,
108,209,2023-01-20T00:00:00+00:00,2023-01-26T23:59:00+00:00,Bang,https://www.ogimet.com/cgi-bin/getsynop?begin=202301200000&end=202301262359&state=Bang&lang=eng&header=yes,data\raw\ground_ogimet\ogimet_getsynop_Bang_202301200000_202301262359.csv,downloaded,2018,197093,
109,209,2023-01-27T00:00:00+00:00,2023-02-02T23:59:00+00:00,Bang,https://www.ogimet.com/cgi-bin/getsynop?begin=202301270000&end=202302022359&state=Bang&lang=eng&header=yes,data\raw\ground_ogimet\ogimet_getsynop_Bang_202301270000_202302022359.csv,downloaded,1952,197826,
110,209,2023-02-03T00:00:00+00:00,2023-02-09T23:59:00+00:00,Bang,https://www.ogimet.com/cgi-bin/getsynop?begin=202302030000&end=202302092359&state=Bang&lang=eng&header=yes,data\raw\ground_ogimet\ogimet_getsynop_Bang_202302030000_202302092359.csv,downloaded,1710,175680,
111,209,2023-02-10T00:00:00+00:00,2023-02-16T23:59:00+00:00,Bang,https://www.ogimet.com/cgi-bin/getsynop?begin=202302100000&end=202302162359&state=Bang&lang=eng&header=yes,data\raw\ground_ogimet\ogimet_getsynop_Bang_202302100000_202302162359.csv,downloaded,1742,176266,
112,209,2023-02-17T00:00:00+00:00,2023-02-23T23:59:00+00:00,Bang,https://www.ogimet.com/cgi-bin/getsynop?begin=202302170000&end=202302232359&state=Bang&lang=eng&header=yes,data\raw\ground_ogimet\ogimet_getsynop_Bang_202302170000_202302232359.csv,downloaded,1600,168849,
113,209,2023-02-24T00:00:00+00:00,2023-03-02T23:59:00+00:00,Bang,https://www.ogimet.com/cgi-bin/getsynop?begin=202302240000&end=202303022359&state=Bang&lang=eng&header=yes,data\raw\ground_ogimet\ogimet_getsynop_Bang_202302240000_202303022359.csv,downloaded,1701,171568,
114,209,2023-03-03T00:00:00+00:00,2023-03-09T23:59:00+00:00,Bang,https://www.ogimet.com/cgi-bin/getsynop?begin=202303030000&end=202303092359&state=Bang&lang=eng&header=yes,data\raw\ground_ogimet\ogimet_getsynop_Bang_202303030000_202303092359.csv,downloaded,1721,175751,
115,209,2023-03-10T00:00:00+00:00,2023-03-16T23:59:00+00:00,Bang,https://www.ogimet.com/cgi-bin/getsynop?begin=202303100000&end=202303162359&state=Bang&lang=eng&header=yes,data\raw\ground_ogimet\ogimet_getsynop_Bang_202303100000_202303162359.csv,downloaded,1728,185282,
116,209,2023-03-17T00:00:00+00:00,2023-03-23T23:59:00+00:00,Bang,https://www.ogimet.com/cgi-bin/getsynop?begin=202303170000&end=202303232359&state=Bang&lang=eng&header=yes,data\raw\ground_ogimet\ogimet_getsynop_Bang_202303170000_202303232359.csv,downloaded,1606,186159,
117,209,2023-03-24T00:00:00+00:00,2023-03-30T23:59:00+00:00,Bang,https://www.ogimet.com/cgi-bin/getsynop?begin=202303240000&end=202303302359&state=Bang&lang=eng&header=yes,data\raw\ground_ogimet\ogimet_getsynop_Bang_202303240000_202303302359.csv,downloaded,2227,236035,
118,209,2023-03-31T00:00:00+00:00,2023-04-06T23:59:00+00:00,Bang,https://www.ogimet.com/cgi-bin/getsynop?begin=202303310000&end=202304062359&state=Bang&lang=eng&header=yes,data\raw\ground_ogimet\ogimet_getsynop_Bang_202303310000_202304062359.csv,downloaded,2113,225526,
119,209,2023-04-07T00:00:00+00:00,2023-04-13T23:59:00+00:00,Bang,https://www.ogimet.com/cgi-bin/getsynop?begin=202304070000&end=202304132359&state=Bang&lang=eng&header=yes,data\raw\ground_ogimet\ogimet_getsynop_Bang_202304070000_202304132359.csv,downloaded,2185,211525,
120,209,2023-04-14T00:00:00+00:00,2023-04-20T23:59:00+00:00,Bang,https://www.ogimet.com/cgi-bin/getsynop?begin=202304140000&end=202304202359&state=Bang&lang=eng&header=yes,data\raw\ground_ogimet\ogimet_getsynop_Bang_202304140000_202304202359.csv,downloaded,2058,206600,
121,209,2023-04-21T00:00:00+00:00,2023-04-27T23:59:00+00:00,Bang,https://www.ogimet.com/cgi-bin/getsynop?begin=202304210000&end=202304272359&state=Bang&lang=eng&header=yes,data\raw\ground_ogimet\ogimet_getsynop_Bang_202304210000_202304272359.csv,downloaded,2183,231078,
122,209,2023-04-28T00:00:00+00:00,2023-05-04T23:59:00+00:00,Bang,https://www.ogimet.com/cgi-bin/getsynop?begin=202304280000&end=202305042359&state=Bang&lang=eng&header=yes,data\raw\ground_ogimet\ogimet_getsynop_Bang_202304280000_202305042359.csv,downloaded,2196,241493,
123,209,2023-05-05T00:00:00+00:00,2023-05-11T23:59:00+00:00,Bang,https://www.ogimet.com/cgi-bin/getsynop?begin=202305050000&end=202305112359&state=Bang&lang=eng&header=yes,data\raw\ground_ogimet\ogimet_getsynop_Bang_202305050000_202305112359.csv,downloaded,2056,208694,
124,209,2023-05-12T00:00:00+00:00,2023-05-18T23:59:00+00:00,Bang,https://www.ogimet.com/cgi-bin/getsynop?begin=202305120000&end=202305182359&state=Bang&lang=eng&header=yes,data\raw\ground_ogimet\ogimet_getsynop_Bang_202305120000_202305182359.csv,downloaded,2201,246833,
125,209,2023-05-19T00:00:00+00:00,2023-05-25T23:59:00+00:00,Bang,https://www.ogimet.com/cgi-bin/getsynop?begin=202305190000&end=202305252359&state=Bang&lang=eng&header=yes,data\raw\ground_ogimet\ogimet_getsynop_Bang_202305190000_202305252359.csv,downloaded,2223,244944,
126,209,2023-05-26T00:00:00+00:00,2023-06-01T23:59:00+00:00,Bang,https://www.ogimet.com/cgi-bin/getsynop?begin=202305260000&end=202306012359&state=Bang&lang=eng&header=yes,data\raw\ground_ogimet\ogimet_getsynop_Bang_202305260000_202306012359.csv,skipped_existing,2176,228722,
127,209,2023-06-02T00:00:00+00:00,2023-06-08T23:59:00+00:00,Bang,https://www.ogimet.com/cgi-bin/getsynop?begin=202306020000&end=202306082359&state=Bang&lang=eng&header=yes,data\raw\ground_ogimet\ogimet_getsynop_Bang_202306020000_202306082359.csv,downloaded,2172,231500,
128,209,2023-06-09T00:00:00+00:00,2023-06-15T23:59:00+00:00,Bang,https://www.ogimet.com/cgi-bin/getsynop?begin=202306090000&end=202306152359&state=Bang&lang=eng&header=yes,data\raw\ground_ogimet\ogimet_getsynop_Bang_202306090000_202306152359.csv,downloaded,2076,237562,
129,209,2023-06-16T00:00:00+00:00,2023-06-22T23:59:00+00:00,Bang,https://www.ogimet.com/cgi-bin/getsynop?begin=202306160000&end=202306222359&state=Bang&lang=eng&header=yes,data\raw\ground_ogimet\ogimet_getsynop_Bang_202306160000_202306222359.csv,downloaded,2055,238129,
130,209,2023-06-23T00:00:00+00:00,2023-06-29T23:59:00+00:00,Bang,https://www.ogimet.com/cgi-bin/getsynop?begin=202306230000&end=202306292359&state=Bang&lang=eng&header=yes,data\raw\ground_ogimet\ogimet_getsynop_Bang_202306230000_202306292359.csv,downloaded,2168,250960,
131,209,2023-06-30T00:00:00+00:00,2023-07-06T23:59:00+00:00,Bang,https://www.ogimet.com/cgi-bin/getsynop?begin=202306300000&end=202307062359&state=Bang&lang=eng&header=yes,data\raw\ground_ogimet\ogimet_getsynop_Bang_202306300000_202307062359.csv,downloaded,2211,254542,
132,209,2023-07-07T00:00:00+00:00,2023-07-13T23:59:00+00:00,Bang,https://www.ogimet.com/cgi-bin/getsynop?begin=202307070000&end=202307132359&state=Bang&lang=eng&header=yes,data\raw\ground_ogimet\ogimet_getsynop_Bang_202307070000_202307132359.csv,downloaded,1980,229110,
133,209,2023-07-14T00:00:00+00:00,2023-07-20T23:59:00+00:00,Bang,https://www.ogimet.com/cgi-bin/getsynop?begin=202307140000&end=202307202359&state=Bang&lang=eng&header=yes,data\raw\ground_ogimet\ogimet_getsynop_Bang_202307140000_202307202359.csv,downloaded,1721,196231,
134,209,2023-07-21T00:00:00+00:00,2023-07-27T23:59:00+00:00,Bang,https://www.ogimet.com/cgi-bin/getsynop?begin=202307210000&end=202307272359&state=Bang&lang=eng&header=yes,data\raw\ground_ogimet\ogimet_getsynop_Bang_202307210000_202307272359.csv,downloaded,2130,241876,
135,209,2023-07-28T00:00:00+00:00,2023-08-03T23:59:00+00:00,Bang,https://www.ogimet.com/cgi-bin/getsynop?begin=202307280000&end=202308032359&state=Bang&lang=eng&header=yes,data\raw\ground_ogimet\ogimet_getsynop_Bang_202307280000_202308032359.csv,downloaded,2164,251912,
136,209,2023-08-04T00:00:00+00:00,2023-08-10T23:59:00+00:00,Bang,https://www.ogimet.com/cgi-bin/getsynop?begin=202308040000&end=202308102359&state=Bang&lang=eng&header=yes,data\raw\ground_ogimet\ogimet_getsynop_Bang_202308040000_202308102359.csv,downloaded,1796,214377,
137,209,2023-08-11T00:00:00+00:00,2023-08-17T23:59:00+00:00,Bang,https://www.ogimet.com/cgi-bin/getsynop?begin=202308110000&end=202308172359&state=Bang&lang=eng&header=yes,data\raw\ground_ogimet\ogimet_getsynop_Bang_202308110000_202308172359.csv,downloaded,2146,248808,
138,209,2023-08-18T00:00:00+00:00,2023-08-24T23:59:00+00:00,Bang,https://www.ogimet.com/cgi-bin/getsynop?begin=202308180000&end=202308242359&state=Bang&lang=eng&header=yes,data\raw\ground_ogimet\ogimet_getsynop_Bang_202308180000_202308242359.csv,downloaded,2206,250655,
139,209,2023-08-25T00:00:00+00:00,2023-08-31T23:59:00+00:00,Bang,https://www.ogimet.com/cgi-bin/getsynop?begin=202308250000&end=202308312359&state=Bang&lang=eng&header=yes,data\raw\ground_ogimet\ogimet_getsynop_Bang_202308250000_202308312359.csv,downloaded,2184,249009,
140,209,2023-09-01T00:00:00+00:00,2023-09-07T23:59:00+00:00,Bang,https://www.ogimet.com/cgi-bin/getsynop?begin=202309010000&end=202309072359&state=Bang&lang=eng&header=yes,data\raw\ground_ogimet\ogimet_getsynop_Bang_202309010000_202309072359.csv,downloaded,2155,246370,
141,209,2023-09-08T00:00:00+00:00,2023-09-14T23:59:00+00:00,Bang,https://www.ogimet.com/cgi-bin/getsynop?begin=202309080000&end=202309142359&state=Bang&lang=eng&header=yes,data\raw\ground_ogimet\ogimet_getsynop_Bang_202309080000_202309142359.csv,downloaded,2048,233535,
142,209,2023-09-15T00:00:00+00:00,2023-09-21T23:59:00+00:00,Bang,https://www.ogimet.com/cgi-bin/getsynop?begin=202309150000&end=202309212359&state=Bang&lang=eng&header=yes,data\raw\ground_ogimet\ogimet_getsynop_Bang_202309150000_202309212359.csv,downloaded,2235,257264,
143,209,2023-09-22T00:00:00+00:00,2023-09-28T23:59:00+00:00,Bang,https://www.ogimet.com/cgi-bin/getsynop?begin=202309220000&end=202309282359&state=Bang&lang=eng&header=yes,data\raw\ground_ogimet\ogimet_getsynop_Bang_202309220000_202309282359.csv,downloaded,2205,248073,
144,209,2023-09-29T00:00:00+00:00,2023-10-05T23:59:00+00:00,Bang,https://www.ogimet.com/cgi-bin/getsynop?begin=202309290000&end=202310052359&state=Bang&lang=eng&header=yes,data\raw\ground_ogimet\ogimet_getsynop_Bang_202309290000_202310052359.csv,downloaded,2176,255829,
145,209,2023-10-06T00:00:00+00:00,2023-10-12T23:59:00+00:00,Bang,https://www.ogimet.com/cgi-bin/getsynop?begin=202310060000&end=202310122359&state=Bang&lang=eng&header=yes,data\raw\ground_ogimet\ogimet_getsynop_Bang_202310060000_202310122359.csv,downloaded,2218,249337,
146,209,2023-10-13T00:00:00+00:00,2023-10-19T23:59:00+00:00,Bang,https://www.ogimet.com/cgi-bin/getsynop?begin=202310130000&end=202310192359&state=Bang&lang=eng&header=yes,data\raw\ground_ogimet\ogimet_getsynop_Bang_202310130000_202310192359.csv,downloaded,2213,228530,
147,209,2023-10-20T00:00:00+00:00,2023-10-26T23:59:00+00:00,Bang,https://www.ogimet.com/cgi-bin/getsynop?begin=202310200000&end=202310262359&state=Bang&lang=eng&header=yes,data\raw\ground_ogimet\ogimet_getsynop_Bang_202310200000_202310262359.csv,downloaded,1994,214136,
148,209,2023-10-27T00:00:00+00:00,2023-11-02T23:59:00+00:00,Bang,https://www.ogimet.com/cgi-bin/getsynop?begin=202310270000&end=202311022359&state=Bang&lang=eng&header=yes,data\raw\ground_ogimet\ogimet_getsynop_Bang_202310270000_202311022359.csv,downloaded,2094,211186,
149,209,2023-11-03T00:00:00+00:00,2023-11-09T23:59:00+00:00,Bang,https://www.ogimet.com/cgi-bin/getsynop?begin=202311030000&end=202311092359&state=Bang&lang=eng&header=yes,data\raw\ground_ogimet\ogimet_getsynop_Bang_202311030000_202311092359.csv,downloaded,2168,218254,
150,209,2023-11-10T00:00:00+00:00,2023-11-16T23:59:00+00:00,Bang,https://www.ogimet.com/cgi-bin/getsynop?begin=202311100000&end=202311162359&state=Bang&lang=eng&header=yes,data\raw\ground_ogimet\ogimet_getsynop_Bang_202311100000_202311162359.csv,downloaded,2211,229840,
151,209,2023-11-17T00:00:00+00:00,2023-11-23T23:59:00+00:00,Bang,https://www.ogimet.com/cgi-bin/getsynop?begin=202311170000&end=202311232359&state=Bang&lang=eng&header=yes,data\raw\ground_ogimet\ogimet_getsynop_Bang_202311170000_202311232359.csv,downloaded,2189,231795,
152,209,2023-11-24T00:00:00+00:00,2023-11-30T23:59:00+00:00,Bang,https://www.ogimet.com/cgi-bin/getsynop?begin=202311240000&end=202311302359&state=Bang&lang=eng&header=yes,data\raw\ground_ogimet\ogimet_getsynop_Bang_202311240000_202311302359.csv,downloaded,2191,226073,
153,209,2023-12-01T00:00:00+00:00,2023-12-07T23:59:00+00:00,Bang,https://www.ogimet.com/cgi-bin/getsynop?begin=202312010000&end=202312072359&state=Bang&lang=eng&header=yes,data\raw\ground_ogimet\ogimet_getsynop_Bang_202312010000_202312072359.csv,downloaded,2198,244356,
154,209,2023-12-08T00:00:00+00:00,2023-12-14T23:59:00+00:00,Bang,https://www.ogimet.com/cgi-bin/getsynop?begin=202312080000&end=202312142359&state=Bang&lang=eng&header=yes,data\raw\ground_ogimet\ogimet_getsynop_Bang_202312080000_202312142359.csv,downloaded,2097,218192,
155,209,2023-12-15T00:00:00+00:00,2023-12-21T23:59:00+00:00,Bang,https://www.ogimet.com/cgi-bin/getsynop?begin=202312150000&end=202312212359&state=Bang&lang=eng&header=yes,data\raw\ground_ogimet\ogimet_getsynop_Bang_202312150000_202312212359.csv,downloaded,2177,218849,
156,209,2023-12-22T00:00:00+00:00,2023-12-28T23:59:00+00:00,Bang,https://www.ogimet.com/cgi-bin/getsynop?begin=202312220000&end=202312282359&state=Bang&lang=eng&header=yes,data\raw\ground_ogimet\ogimet_getsynop_Bang_202312220000_202312282359.csv,downloaded,2161,224208,
157,209,2023-12-29T00:00:00+00:00,2024-01-04T23:59:00+00:00,Bang,https://www.ogimet.com/cgi-bin/getsynop?begin=202312290000&end=202401042359&state=Bang&lang=eng&header=yes,data\raw\ground_ogimet\ogimet_getsynop_Bang_202312290000_202401042359.csv,downloaded,2210,223214,
158,209,2024-01-05T00:00:00+00:00,2024-01-11T23:59:00+00:00,Bang,https://www.ogimet.com/cgi-bin/getsynop?begin=202401050000&end=202401112359&state=Bang&lang=eng&header=yes,data\raw\ground_ogimet\ogimet_getsynop_Bang_202401050000_202401112359.csv,downloaded,2161,219108,
159,209,2024-01-12T00:00:00+00:00,2024-01-18T23:59:00+00:00,Bang,https://www.ogimet.com/cgi-bin/getsynop?begin=202401120000&end=202401182359&state=Bang&lang=eng&header=yes,data\raw\ground_ogimet\ogimet_getsynop_Bang_202401120000_202401182359.csv,downloaded,2222,237367,
160,209,2024-01-19T00:00:00+00:00,2024-01-25T23:59:00+00:00,Bang,https://www.ogimet.com/cgi-bin/getsynop?begin=202401190000&end=202401252359&state=Bang&lang=eng&header=yes,data\raw\ground_ogimet\ogimet_getsynop_Bang_202401190000_202401252359.csv,downloaded,2186,230122,
161,209,2024-01-26T00:00:00+00:00,2024-02-01T23:59:00+00:00,Bang,https://www.ogimet.com/cgi-bin/getsynop?begin=202401260000&end=202402012359&state=Bang&lang=eng&header=yes,data\raw\ground_ogimet\ogimet_getsynop_Bang_202401260000_202402012359.csv,downloaded,2190,230559,
162,209,2024-02-02T00:00:00+00:00,2024-02-08T23:59:00+00:00,Bang,https://www.ogimet.com/cgi-bin/getsynop?begin=202402020000&end=202402082359&state=Bang&lang=eng&header=yes,data\raw\ground_ogimet\ogimet_getsynop_Bang_202402020000_202402082359.csv,downloaded,2210,229655,
163,209,2024-02-09T00:00:00+00:00,2024-02-15T23:59:00+00:00,Bang,https://www.ogimet.com/cgi-bin/getsynop?begin=202402090000&end=202402152359&state=Bang&lang=eng&header=yes,data\raw\ground_ogimet\ogimet_getsynop_Bang_202402090000_202402152359.csv,downloaded,2212,224270,
164,209,2024-02-16T00:00:00+00:00,2024-02-22T23:59:00+00:00,Bang,https://www.ogimet.com/cgi-bin/getsynop?begin=202402160000&end=202402222359&state=Bang&lang=eng&header=yes,data\raw\ground_ogimet\ogimet_getsynop_Bang_202402160000_202402222359.csv,downloaded,2162,227648,
165,209,2024-02-23T00:00:00+00:00,2024-02-29T23:59:00+00:00,Bang,https://www.ogimet.com/cgi-bin/getsynop?begin=202402230000&end=202402292359&state=Bang&lang=eng&header=yes,data\raw\ground_ogimet\ogimet_getsynop_Bang_202402230000_202402292359.csv,downloaded,2194,230796,
166,209,2024-03-01T00:00:00+00:00,2024-03-07T23:59:00+00:00,Bang,https://www.ogimet.com/cgi-bin/getsynop?begin=202403010000&end=202403072359&state=Bang&lang=eng&header=yes,data\raw\ground_ogimet\ogimet_getsynop_Bang_202403010000_202403072359.csv,downloaded,2219,220943,
167,209,2024-03-08T00:00:00+00:00,2024-03-14T23:59:00+00:00,Bang,https://www.ogimet.com/cgi-bin/getsynop?begin=202403080000&end=202403142359&state=Bang&lang=eng&header=yes,data\raw\ground_ogimet\ogimet_getsynop_Bang_202403080000_202403142359.csv,downloaded,1781,177874,
168,209,2024-03-15T00:00:00+00:00,2024-03-21T23:59:00+00:00,Bang,https://www.ogimet.com/cgi-bin/getsynop?begin=202403150000&end=202403212359&state=Bang&lang=eng&header=yes,data\raw\ground_ogimet\ogimet_getsynop_Bang_202403150000_202403212359.csv,downloaded,2209,240219,
169,209,2024-03-22T00:00:00+00:00,2024-03-28T23:59:00+00:00,Bang,https://www.ogimet.com/cgi-bin/getsynop?begin=202403220000&end=202403282359&state=Bang&lang=eng&header=yes,data\raw\ground_ogimet\ogimet_getsynop_Bang_202403220000_202403282359.csv,downloaded,2007,216814,
170,209,2024-03-29T00:00:00+00:00,2024-04-04T23:59:00+00:00,Bang,https://www.ogimet.com/cgi-bin/getsynop?begin=202403290000&end=202404042359&state=Bang&lang=eng&header=yes,data\raw\ground_ogimet\ogimet_getsynop_Bang_202403290000_202404042359.csv,downloaded,1967,206449,
171,209,2024-04-05T00:00:00+00:00,2024-04-11T23:59:00+00:00,Bang,https://www.ogimet.com/cgi-bin/getsynop?begin=202404050000&end=202404112359&state=Bang&lang=eng&header=yes,data\raw\ground_ogimet\ogimet_getsynop_Bang_202404050000_202404112359.csv,skipped_existing,607,62009,
172,209,2024-04-12T00:00:00+00:00,2024-04-18T23:59:00+00:00,Bang,https://www.ogimet.com/cgi-bin/getsynop?begin=202404120000&end=202404182359&state=Bang&lang=eng&header=yes,data\raw\ground_ogimet\ogimet_getsynop_Bang_202404120000_202404182359.csv,downloaded,2173,226544,
173,209,2024-04-19T00:00:00+00:00,2024-04-25T23:59:00+00:00,Bang,https://www.ogimet.com/cgi-bin/getsynop?begin=202404190000&end=202404252359&state=Bang&lang=eng&header=yes,data\raw\ground_ogimet\ogimet_getsynop_Bang_202404190000_202404252359.csv,downloaded,2211,227674,
174,209,2024-04-26T00:00:00+00:00,2024-05-02T23:59:00+00:00,Bang,https://www.ogimet.com/cgi-bin/getsynop?begin=202404260000&end=202405022359&state=Bang&lang=eng&header=yes,data\raw\ground_ogimet\ogimet_getsynop_Bang_202404260000_202405022359.csv,downloaded,2126,219015,
175,209,2024-05-03T00:00:00+00:00,2024-05-09T23:59:00+00:00,Bang,https://www.ogimet.com/cgi-bin/getsynop?begin=202405030000&end=202405092359&state=Bang&lang=eng&header=yes,data\raw\ground_ogimet\ogimet_getsynop_Bang_202405030000_202405092359.csv,downloaded,2197,244445,
176,209,2024-05-10T00:00:00+00:00,2024-05-16T23:59:00+00:00,Bang,https://www.ogimet.com/cgi-bin/getsynop?begin=202405100000&end=202405162359&state=Bang&lang=eng&header=yes,data\raw\ground_ogimet\ogimet_getsynop_Bang_202405100000_202405162359.csv,downloaded,2216,234459,
177,209,2024-05-17T00:00:00+00:00,2024-05-23T23:59:00+00:00,Bang,https://www.ogimet.com/cgi-bin/getsynop?begin=202405170000&end=202405232359&state=Bang&lang=eng&header=yes,data\raw\ground_ogimet\ogimet_getsynop_Bang_202405170000_202405232359.csv,downloaded,2181,240400,
178,209,2024-05-24T00:00:00+00:00,2024-05-30T23:59:00+00:00,Bang,https://www.ogimet.com/cgi-bin/getsynop?begin=202405240000&end=202405302359&state=Bang&lang=eng&header=yes,data\raw\ground_ogimet\ogimet_getsynop_Bang_202405240000_202405302359.csv,downloaded,2203,247554,
179,209,2024-05-31T00:00:00+00:00,2024-06-06T23:59:00+00:00,Bang,https://www.ogimet.com/cgi-bin/getsynop?begin=202405310000&end=202406062359&state=Bang&lang=eng&header=yes,data\raw\ground_ogimet\ogimet_getsynop_Bang_202405310000_202406062359.csv,downloaded,1598,176568,
180,209,2024-06-07T00:00:00+00:00,2024-06-13T23:59:00+00:00,Bang,https://www.ogimet.com/cgi-bin/getsynop?begin=202406070000&end=202406132359&state=Bang&lang=eng&header=yes,data\raw\ground_ogimet\ogimet_getsynop_Bang_202406070000_202406132359.csv,downloaded,2214,250821,
181,209,2024-06-14T00:00:00+00:00,2024-06-20T23:59:00+00:00,Bang,https://www.ogimet.com/cgi-bin/getsynop?begin=202406140000&end=202406202359&state=Bang&lang=eng&header=yes,data\raw\ground_ogimet\ogimet_getsynop_Bang_202406140000_202406202359.csv,downloaded,2201,252725,
182,209,2024-06-21T00:00:00+00:00,2024-06-27T23:59:00+00:00,Bang,https://www.ogimet.com/cgi-bin/getsynop?begin=202406210000&end=202406272359&state=Bang&lang=eng&header=yes,data\raw\ground_ogimet\ogimet_getsynop_Bang_202406210000_202406272359.csv,downloaded,2260,254563,
183,209,2024-06-28T00:00:00+00:00,2024-07-04T23:59:00+00:00,Bang,https://www.ogimet.com/cgi-bin/getsynop?begin=202406280000&end=202407042359&state=Bang&lang=eng&header=yes,data\raw\ground_ogimet\ogimet_getsynop_Bang_202406280000_202407042359.csv,downloaded,2205,264925,
184,209,2024-07-05T00:00:00+00:00,2024-07-11T23:59:00+00:00,Bang,https://www.ogimet.com/cgi-bin/getsynop?begin=202407050000&end=202407112359&state=Bang&lang=eng&header=yes,data\raw\ground_ogimet\ogimet_getsynop_Bang_202407050000_202407112359.csv,downloaded,2227,256742,
185,209,2024-07-12T00:00:00+00:00,2024-07-18T23:59:00+00:00,Bang,https://www.ogimet.com/cgi-bin/getsynop?begin=202407120000&end=202407182359&state=Bang&lang=eng&header=yes,data\raw\ground_ogimet\ogimet_getsynop_Bang_202407120000_202407182359.csv,downloaded,2099,237043,
186,209,2024-07-19T00:00:00+00:00,2024-07-25T23:59:00+00:00,Bang,https://www.ogimet.com/cgi-bin/getsynop?begin=202407190000&end=202407252359&state=Bang&lang=eng&header=yes,data\raw\ground_ogimet\ogimet_getsynop_Bang_202407190000_202407252359.csv,downloaded,644,67793,
187,209,2024-07-26T00:00:00+00:00,2024-08-01T23:59:00+00:00,Bang,https://www.ogimet.com/cgi-bin/getsynop?begin=202407260000&end=202408012359&state=Bang&lang=eng&header=yes,data\raw\ground_ogimet\ogimet_getsynop_Bang_202407260000_202408012359.csv,downloaded,1305,145327,
188,209,2024-08-02T00:00:00+00:00,2024-08-08T23:59:00+00:00,Bang,https://www.ogimet.com/cgi-bin/getsynop?begin=202408020000&end=202408082359&state=Bang&lang=eng&header=yes,data\raw\ground_ogimet\ogimet_getsynop_Bang_202408020000_202408082359.csv,skipped_existing,1980,225383,
189,209,2024-08-09T00:00:00+00:00,2024-08-15T23:59:00+00:00,Bang,https://www.ogimet.com/cgi-bin/getsynop?begin=202408090000&end=202408152359&state=Bang&lang=eng&header=yes,data\raw\ground_ogimet\ogimet_getsynop_Bang_202408090000_202408152359.csv,downloaded,2129,244693,
190,209,2024-08-16T00:00:00+00:00,2024-08-22T23:59:00+00:00,Bang,https://www.ogimet.com/cgi-bin/getsynop?begin=202408160000&end=202408222359&state=Bang&lang=eng&header=yes,data\raw\ground_ogimet\ogimet_getsynop_Bang_202408160000_202408222359.csv,downloaded,2136,252397,
191,209,2024-08-23T00:00:00+00:00,2024-08-29T23:59:00+00:00,Bang,https://www.ogimet.com/cgi-bin/getsynop?begin=202408230000&end=202408292359&state=Bang&lang=eng&header=yes,data\raw\ground_ogimet\ogimet_getsynop_Bang_202408230000_202408292359.csv,downloaded,2181,248453,
192,209,2024-08-30T00:00:00+00:00,2024-09-05T23:59:00+00:00,Bang,https://www.ogimet.com/cgi-bin/getsynop?begin=202408300000&end=202409052359&state=Bang&lang=eng&header=yes,data\raw\ground_ogimet\ogimet_getsynop_Bang_202408300000_202409052359.csv,downloaded,2172,243691,
193,209,2024-09-06T00:00:00+00:00,2024-09-12T23:59:00+00:00,Bang,https://www.ogimet.com/cgi-bin/getsynop?begin=202409060000&end=202409122359&state=Bang&lang=eng&header=yes,data\raw\ground_ogimet\ogimet_getsynop_Bang_202409060000_202409122359.csv,downloaded,2110,236331,
194,209,2024-09-13T00:00:00+00:00,2024-09-19T23:59:00+00:00,Bang,https://www.ogimet.com/cgi-bin/getsynop?begin=202409130000&end=202409192359&state=Bang&lang=eng&header=yes,data\raw\ground_ogimet\ogimet_getsynop_Bang_202409130000_202409192359.csv,downloaded,2214,253486,
195,209,2024-09-20T00:00:00+00:00,2024-09-26T23:59:00+00:00,Bang,https://www.ogimet.com/cgi-bin/getsynop?begin=202409200000&end=202409262359&state=Bang&lang=eng&header=yes,data\raw\ground_ogimet\ogimet_getsynop_Bang_202409200000_202409262359.csv,downloaded,2140,246116,
196,209,2024-09-27T00:00:00+00:00,2024-10-03T23:59:00+00:00,Bang,https://www.ogimet.com/cgi-bin/getsynop?begin=202409270000&end=202410032359&state=Bang&lang=eng&header=yes,data\raw\ground_ogimet\ogimet_getsynop_Bang_202409270000_202410032359.csv,downloaded,2190,251503,
197,209,2024-10-04T00:00:00+00:00,2024-10-10T23:59:00+00:00,Bang,https://www.ogimet.com/cgi-bin/getsynop?begin=202410040000&end=202410102359&state=Bang&lang=eng&header=yes,data\raw\ground_ogimet\ogimet_getsynop_Bang_202410040000_202410102359.csv,downloaded,2172,250304,
198,209,2024-10-11T00:00:00+00:00,2024-10-17T23:59:00+00:00,Bang,https://www.ogimet.com/cgi-bin/getsynop?begin=202410110000&end=202410172359&state=Bang&lang=eng&header=yes,data\raw\ground_ogimet\ogimet_getsynop_Bang_202410110000_202410172359.csv,downloaded,2185,236626,
199,209,2024-10-18T00:00:00+00:00,2024-10-24T23:59:00+00:00,Bang,https://www.ogimet.com/cgi-bin/getsynop?begin=202410180000&end=202410242359&state=Bang&lang=eng&header=yes,data\raw\ground_ogimet\ogimet_getsynop_Bang_202410180000_202410242359.csv,downloaded,2244,252129,
200,209,2024-10-25T00:00:00+00:00,2024-10-31T23:59:00+00:00,Bang,https://www.ogimet.com/cgi-bin/getsynop?begin=202410250000&end=202410312359&state=Bang&lang=eng&header=yes,data\raw\ground_ogimet\ogimet_getsynop_Bang_202410250000_202410312359.csv,downloaded,2427,256474,
201,209,2024-11-01T00:00:00+00:00,2024-11-07T23:59:00+00:00,Bang,https://www.ogimet.com/cgi-bin/getsynop?begin=202411010000&end=202411072359&state=Bang&lang=eng&header=yes,data\raw\ground_ogimet\ogimet_getsynop_Bang_202411010000_202411072359.csv,downloaded,2367,248588,
202,209,2024-11-08T00:00:00+00:00,2024-11-14T23:59:00+00:00,Bang,https://www.ogimet.com/cgi-bin/getsynop?begin=202411080000&end=202411142359&state=Bang&lang=eng&header=yes,data\raw\ground_ogimet\ogimet_getsynop_Bang_202411080000_202411142359.csv,downloaded,2477,247627,
203,209,2024-11-15T00:00:00+00:00,2024-11-21T23:59:00+00:00,Bang,https://www.ogimet.com/cgi-bin/getsynop?begin=202411150000&end=202411212359&state=Bang&lang=eng&header=yes,data\raw\ground_ogimet\ogimet_getsynop_Bang_202411150000_202411212359.csv,downloaded,2397,237002,
204,209,2024-11-22T00:00:00+00:00,2024-11-28T23:59:00+00:00,Bang,https://www.ogimet.com/cgi-bin/getsynop?begin=202411220000&end=202411282359&state=Bang&lang=eng&header=yes,data\raw\ground_ogimet\ogimet_getsynop_Bang_202411220000_202411282359.csv,downloaded,2421,247008,
205,209,2024-11-29T00:00:00+00:00,2024-12-05T23:59:00+00:00,Bang,https://www.ogimet.com/cgi-bin/getsynop?begin=202411290000&end=202412052359&state=Bang&lang=eng&header=yes,data\raw\ground_ogimet\ogimet_getsynop_Bang_202411290000_202412052359.csv,downloaded,2408,250810,
206,209,2024-12-06T00:00:00+00:00,2024-12-12T23:59:00+00:00,Bang,https://www.ogimet.com/cgi-bin/getsynop?begin=202412060000&end=202412122359&state=Bang&lang=eng&header=yes,data\raw\ground_ogimet\ogimet_getsynop_Bang_202412060000_202412122359.csv,downloaded,2394,238993,
207,209,2024-12-13T00:00:00+00:00,2024-12-19T23:59:00+00:00,Bang,https://www.ogimet.com/cgi-bin/getsynop?begin=202412130000&end=202412192359&state=Bang&lang=eng&header=yes,data\raw\ground_ogimet\ogimet_getsynop_Bang_202412130000_202412192359.csv,downloaded,2339,238197,
208,209,2024-12-20T00:00:00+00:00,2024-12-26T23:59:00+00:00,Bang,https://www.ogimet.com/cgi-bin/getsynop?begin=202412200000&end=202412262359&state=Bang&lang=eng&header=yes,data\raw\ground_ogimet\ogimet_getsynop_Bang_202412200000_202412262359.csv,downloaded,2175,224724,
209,209,2024-12-27T00:00:00+00:00,2024-12-31T23:00:00+00:00,Bang,https://www.ogimet.com/cgi-bin/getsynop?begin=202412270000&end=202412312300&state=Bang&lang=eng&header=yes,data\raw\ground_ogimet\ogimet_getsynop_Bang_202412270000_202412312300.csv,downloaded,1059,102749,
